filename,width,height,class,xmin,ymin,xmax,ymax
IMG_2361_1.jpg,1000,1000,Palm,887,1,986,84
IMG_2361_1.jpg,1000,1000,Palm,839,84,936,177
IMG_2361_1.jpg,1000,1000,Palm,892,163,993,255
IMG_2361_1.jpg,1000,1000,Palm,794,176,880,260
IMG_2361_1.jpg,1000,1000,Palm,793,20,882,102
IMG_2361_1.jpg,1000,1000,Palm,634,106,737,198
IMG_2361_1.jpg,1000,1000,Palm,512,274,621,375
IMG_2361_1.jpg,1000,1000,Palm,413,284,516,388
IMG_2361_1.jpg,1000,1000,Palm,363,374,469,476
IMG_2361_1.jpg,1000,1000,Palm,517,459,617,564
IMG_2361_1.jpg,1000,1000,Palm,621,450,720,543
IMG_2361_1.jpg,1000,1000,Palm,93,487,196,583
IMG_2361_1.jpg,1000,1000,Palm,101,668,200,758
IMG_2361_1.jpg,1000,1000,Palm,45,392,139,488
IMG_2361_1.jpg,1000,1000,Palm,836,423,945,522
IMG_2361_1.jpg,1000,1000,Palm,687,355,771,443
IMG_2361_1.jpg,1000,1000,Palm,256,203,349,295
IMG_2361_1.jpg,1000,1000,Palm,429,850,519,941
IMG_2361_1.jpg,1000,1000,Palm,162,765,259,858
IMG_2361_1.jpg,1000,1000,Palm,53,767,152,866
IMG_2361_1.jpg,1000,1000,Palm,43,228,132,316
IMG_2361_1.jpg,1000,1000,Palm,148,210,239,297
IMG_2361_1.jpg,1000,1000,Palm,167,577,259,667
IMG_2361_1.jpg,1000,1000,Palm,39,573,143,670
IMG_2361_1.jpg,1000,1000,Palm,114,318,187,390
IMG_2361_1.jpg,1000,1000,Palm,154,394,245,485
IMG_2361_1.jpg,1000,1000,Palm,262,388,360,483
IMG_2361_1.jpg,1000,1000,Palm,94,137,181,222
IMG_2361_1.jpg,1000,1000,Palm,246,34,337,116
IMG_2361_1.jpg,1000,1000,Palm,310,119,400,204
IMG_2361_1.jpg,1000,1000,Palm,529,110,620,196
IMG_2361_1.jpg,1000,1000,Palm,319,295,410,382
IMG_2361_1.jpg,1000,1000,Palm,580,368,672,454
IMG_2361_1.jpg,1000,1000,Palm,629,275,725,356
IMG_2361_1.jpg,1000,1000,Palm,745,274,827,351
IMG_2361_1.jpg,1000,1000,Palm,219,860,311,948
IMG_2361_1.jpg,1000,1000,Palm,102,867,210,955
IMG_2361_1.jpg,1000,1000,Palm,3,864,95,960
IMG_2361_1.jpg,1000,1000,Palm,337,852,422,938
IMG_2361_1.jpg,1000,1000,Palm,640,841,727,920
IMG_2361_1.jpg,1000,1000,Palm,374,760,462,839
IMG_2361_1.jpg,1000,1000,Palm,849,623,947,719
IMG_2361_1.jpg,1000,1000,Palm,734,628,827,719
IMG_2361_1.jpg,1000,1000,Palm,683,732,780,822
IMG_2361_1.jpg,1000,1000,Palm,854,821,949,913
IMG_2361_1.jpg,1000,1000,Palm,681,546,772,627
IMG_2361_1.jpg,1000,1000,Palm,909,525,995,616
IMG_2361_1.jpg,1000,1000,Palm,303,492,402,576
IMG_2361_1.jpg,1000,1000,Palm,902,340,992,428
IMG_2361_1.jpg,1000,1000,Palm,2,678,87,773
IMG_2361_1.jpg,1000,1000,Palm,736,434,826,529
IMG_2361_1.jpg,1000,1000,Palm,368,205,457,285
IMG_2361_1.jpg,1000,1000,Palm,469,197,556,277
IMG_2361_1.jpg,1000,1000,Palm,574,193,665,271
IMG_2361_1.jpg,1000,1000,Palm,690,196,769,264
IMG_2361_10.jpg,1000,1000,Palm,30,2,127,93
IMG_2361_10.jpg,1000,1000,Palm,5,91,91,177
IMG_2361_10.jpg,1000,1000,Palm,40,168,130,250
IMG_2361_10.jpg,1000,1000,Palm,91,251,188,334
IMG_2361_10.jpg,1000,1000,Palm,131,166,234,256
IMG_2361_10.jpg,1000,1000,Palm,94,81,181,162
IMG_2361_10.jpg,1000,1000,Palm,130,2,227,88
IMG_2361_10.jpg,1000,1000,Palm,224,1,323,84
IMG_2361_10.jpg,1000,1000,Palm,328,1,434,84
IMG_2361_10.jpg,1000,1000,Palm,182,89,275,176
IMG_2361_10.jpg,1000,1000,Palm,282,84,386,168
IMG_2361_10.jpg,1000,1000,Palm,236,166,327,257
IMG_2361_10.jpg,1000,1000,Palm,196,249,291,340
IMG_2361_10.jpg,1000,1000,Palm,298,249,388,340
IMG_2361_10.jpg,1000,1000,Palm,390,78,477,158
IMG_2361_10.jpg,1000,1000,Palm,447,7,516,67
IMG_2361_10.jpg,1000,1000,Palm,539,5,637,90
IMG_2361_10.jpg,1000,1000,Palm,645,1,736,84
IMG_2361_10.jpg,1000,1000,Palm,741,4,853,90
IMG_2361_10.jpg,1000,1000,Palm,862,2,945,74
IMG_2361_10.jpg,1000,1000,Palm,908,67,997,163
IMG_2361_10.jpg,1000,1000,Palm,862,156,953,256
IMG_2361_10.jpg,1000,1000,Palm,806,73,898,160
IMG_2361_10.jpg,1000,1000,Palm,702,79,805,173
IMG_2361_10.jpg,1000,1000,Palm,754,155,858,264
IMG_2361_10.jpg,1000,1000,Palm,586,83,685,179
IMG_2361_10.jpg,1000,1000,Palm,477,81,581,175
IMG_2361_10.jpg,1000,1000,Palm,433,177,541,271
IMG_2361_10.jpg,1000,1000,Palm,501,258,597,346
IMG_2361_10.jpg,1000,1000,Palm,602,249,692,343
IMG_2361_10.jpg,1000,1000,Palm,660,179,751,265
IMG_2361_10.jpg,1000,1000,Palm,710,256,799,347
IMG_2361_10.jpg,1000,1000,Palm,802,243,901,330
IMG_2361_10.jpg,1000,1000,Palm,715,391,803,497
IMG_2361_10.jpg,1000,1000,Palm,811,400,914,495
IMG_2361_10.jpg,1000,1000,Palm,360,346,442,426
IMG_2361_11.jpg,1000,1000,Palm,907,29,983,105
IMG_2361_11.jpg,1000,1000,Palm,804,28,894,116
IMG_2361_11.jpg,1000,1000,Palm,847,107,924,184
IMG_2361_11.jpg,1000,1000,Palm,891,164,980,262
IMG_2361_11.jpg,1000,1000,Palm,691,31,779,110
IMG_2361_11.jpg,1000,1000,Palm,613,40,695,124
IMG_2361_11.jpg,1000,1000,Palm,501,43,611,139
IMG_2361_11.jpg,1000,1000,Palm,423,57,499,130
IMG_2361_11.jpg,1000,1000,Palm,298,41,417,141
IMG_2361_11.jpg,1000,1000,Palm,150,125,245,216
IMG_2361_11.jpg,1000,1000,Palm,641,117,737,204
IMG_2361_11.jpg,1000,1000,Palm,565,130,638,202
IMG_2361_11.jpg,1000,1000,Palm,460,133,553,217
IMG_2361_11.jpg,1000,1000,Palm,357,134,460,226
IMG_2361_11.jpg,1000,1000,Palm,4,229,105,323
IMG_2361_11.jpg,1000,1000,Palm,58,313,149,394
IMG_2361_11.jpg,1000,1000,Palm,12,402,101,478
IMG_2361_11.jpg,1000,1000,Palm,64,474,154,549
IMG_2361_11.jpg,1000,1000,Palm,107,383,203,476
IMG_2361_11.jpg,1000,1000,Palm,165,301,250,383
IMG_2361_11.jpg,1000,1000,Palm,212,215,306,297
IMG_2361_11.jpg,1000,1000,Palm,313,217,394,297
IMG_2361_11.jpg,1000,1000,Palm,250,297,337,385
IMG_2361_11.jpg,1000,1000,Palm,215,386,295,461
IMG_2361_11.jpg,1000,1000,Palm,168,461,250,538
IMG_2361_11.jpg,1000,1000,Palm,210,525,289,599
IMG_2361_11.jpg,1000,1000,Palm,311,515,384,586
IMG_2361_11.jpg,1000,1000,Palm,410,509,483,577
IMG_2361_11.jpg,1000,1000,Palm,449,428,544,518
IMG_2361_11.jpg,1000,1000,Palm,366,293,447,371
IMG_2361_11.jpg,1000,1000,Palm,655,916,738,995
IMG_2361_11.jpg,1000,1000,Palm,697,831,784,919
IMG_2361_11.jpg,1000,1000,Palm,814,905,910,989
IMG_2361_11.jpg,1000,1000,Palm,872,835,964,914
IMG_2361_11.jpg,1000,1000,Palm,749,768,833,844
IMG_2361_11.jpg,1000,1000,Palm,922,752,1000,841
IMG_2361_11.jpg,1000,1000,Palm,829,756,917,834
IMG_2361_11.jpg,1000,1000,Palm,742,250,827,333
IMG_2361_11.jpg,1000,1000,Palm,644,259,738,350
IMG_2361_11.jpg,1000,1000,Palm,782,330,866,412
IMG_2361_11.jpg,1000,1000,Palm,635,410,717,493
IMG_2361_11.jpg,1000,1000,Palm,908,391,987,474
IMG_2361_11.jpg,1000,1000,Palm,620,563,703,634
IMG_2361_11.jpg,1000,1000,Palm,814,550,896,626
IMG_2361_11.jpg,1000,1000,Palm,765,467,852,556
IMG_2361_11.jpg,1000,1000,Palm,858,468,945,550
IMG_2361_11.jpg,1000,1000,Palm,546,417,633,509
IMG_2361_3.jpg,1000,1000,Palm,46,67,150,165
IMG_2361_3.jpg,1000,1000,Palm,115,163,208,248
IMG_2361_3.jpg,1000,1000,Palm,170,83,257,169
IMG_2361_3.jpg,1000,1000,Palm,71,250,166,348
IMG_2361_3.jpg,1000,1000,Palm,169,252,262,346
IMG_2361_3.jpg,1000,1000,Palm,18,356,115,450
IMG_2361_3.jpg,1000,1000,Palm,121,350,217,446
IMG_2361_3.jpg,1000,1000,Palm,222,347,332,456
IMG_2361_3.jpg,1000,1000,Palm,189,451,265,528
IMG_2361_3.jpg,1000,1000,Palm,228,167,314,260
IMG_2361_3.jpg,1000,1000,Palm,270,72,366,169
IMG_2361_3.jpg,1000,1000,Palm,327,158,421,255
IMG_2361_3.jpg,1000,1000,Palm,371,82,466,176
IMG_2361_3.jpg,1000,1000,Palm,427,1,516,84
IMG_2361_3.jpg,1000,1000,Palm,532,1,621,82
IMG_2361_3.jpg,1000,1000,Palm,477,75,577,179
IMG_2361_3.jpg,1000,1000,Palm,542,179,622,257
IMG_2361_3.jpg,1000,1000,Palm,695,82,788,178
IMG_2361_3.jpg,1000,1000,Palm,744,2,838,90
IMG_2361_3.jpg,1000,1000,Palm,272,258,378,356
IMG_2361_3.jpg,1000,1000,Palm,379,256,472,349
IMG_2361_3.jpg,1000,1000,Palm,483,260,583,357
IMG_2361_3.jpg,1000,1000,Palm,340,352,438,458
IMG_2361_3.jpg,1000,1000,Palm,444,355,534,449
IMG_2361_3.jpg,1000,1000,Palm,551,356,649,447
IMG_2361_3.jpg,1000,1000,Palm,490,440,598,542
IMG_2361_3.jpg,1000,1000,Palm,651,357,738,445
IMG_2361_3.jpg,1000,1000,Palm,744,347,856,450
IMG_2361_3.jpg,1000,1000,Palm,748,172,848,251
IMG_2361_3.jpg,1000,1000,Palm,849,165,936,252
IMG_2361_3.jpg,1000,1000,Palm,913,261,999,351
IMG_2361_3.jpg,1000,1000,Palm,870,363,945,440
IMG_2361_3.jpg,1000,1000,Palm,820,443,905,532
IMG_2361_3.jpg,1000,1000,Palm,913,441,999,528
IMG_2361_3.jpg,1000,1000,Palm,705,439,806,543
IMG_2361_3.jpg,1000,1000,Palm,608,458,686,540
IMG_2361_3.jpg,1000,1000,Palm,653,526,761,626
IMG_2361_3.jpg,1000,1000,Palm,858,528,971,640
IMG_2361_3.jpg,1000,1000,Palm,281,441,384,536
IMG_2361_3.jpg,1000,1000,Palm,129,548,218,631
IMG_2361_3.jpg,1000,1000,Palm,224,522,335,628
IMG_2361_3.jpg,1000,1000,Palm,339,532,437,626
IMG_2361_3.jpg,1000,1000,Palm,68,624,175,725
IMG_2361_3.jpg,1000,1000,Palm,183,626,287,727
IMG_2361_3.jpg,1000,1000,Palm,294,617,398,724
IMG_2361_3.jpg,1000,1000,Palm,401,616,496,722
IMG_2361_3.jpg,1000,1000,Palm,518,624,599,709
IMG_2361_3.jpg,1000,1000,Palm,605,623,707,713
IMG_2361_3.jpg,1000,1000,Palm,723,634,800,704
IMG_2361_3.jpg,1000,1000,Palm,73,804,180,904
IMG_2361_3.jpg,1000,1000,Palm,186,794,290,901
IMG_2361_3.jpg,1000,1000,Palm,248,723,338,811
IMG_2361_3.jpg,1000,1000,Palm,30,899,128,997
IMG_2361_3.jpg,1000,1000,Palm,134,906,240,996
IMG_2361_3.jpg,1000,1000,Palm,245,902,339,995
IMG_2361_3.jpg,1000,1000,Palm,341,892,454,995
IMG_2361_3.jpg,1000,1000,Palm,449,890,556,996
IMG_2361_3.jpg,1000,1000,Palm,558,905,665,995
IMG_2361_3.jpg,1000,1000,Palm,501,799,598,893
IMG_2361_3.jpg,1000,1000,Palm,555,724,645,802
IMG_2361_3.jpg,1000,1000,Palm,668,892,767,989
IMG_2361_3.jpg,1000,1000,Palm,627,815,710,890
IMG_2361_3.jpg,1000,1000,Palm,670,716,771,822
IMG_2361_3.jpg,1000,1000,Palm,725,809,823,904
IMG_2361_3.jpg,1000,1000,Palm,778,704,877,817
IMG_2361_3.jpg,1000,1000,Palm,822,804,927,908
IMG_2361_3.jpg,1000,1000,Palm,879,701,979,811
IMG_2361_4.jpg,1000,1000,Palm,48,4,144,82
IMG_2361_4.jpg,1000,1000,Palm,7,77,100,167
IMG_2361_4.jpg,1000,1000,Palm,153,7,234,84
IMG_2361_4.jpg,1000,1000,Palm,107,76,202,173
IMG_2361_4.jpg,1000,1000,Palm,62,156,155,255
IMG_2361_4.jpg,1000,1000,Palm,169,164,252,249
IMG_2361_4.jpg,1000,1000,Palm,212,77,295,169
IMG_2361_4.jpg,1000,1000,Palm,302,85,389,178
IMG_2361_4.jpg,1000,1000,Palm,419,15,512,97
IMG_2361_4.jpg,1000,1000,Palm,517,22,606,106
IMG_2361_4.jpg,1000,1000,Palm,884,43,962,116
IMG_2361_4.jpg,1000,1000,Palm,787,49,864,131
IMG_2361_4.jpg,1000,1000,Palm,846,131,930,214
IMG_2361_4.jpg,1000,1000,Palm,655,118,739,205
IMG_2361_4.jpg,1000,1000,Palm,616,22,708,111
IMG_2361_4.jpg,1000,1000,Palm,568,111,657,207
IMG_2361_4.jpg,1000,1000,Palm,477,101,578,205
IMG_2361_4.jpg,1000,1000,Palm,387,94,483,191
IMG_2361_4.jpg,1000,1000,Palm,252,168,341,271
IMG_2361_4.jpg,1000,1000,Palm,344,182,434,272
IMG_2361_4.jpg,1000,1000,Palm,23,248,115,344
IMG_2361_4.jpg,1000,1000,Palm,121,251,218,350
IMG_2361_4.jpg,1000,1000,Palm,216,266,302,359
IMG_2361_4.jpg,1000,1000,Palm,306,266,407,365
IMG_2361_4.jpg,1000,1000,Palm,398,265,490,366
IMG_2361_4.jpg,1000,1000,Palm,479,282,571,373
IMG_2361_4.jpg,1000,1000,Palm,565,272,674,383
IMG_2361_4.jpg,1000,1000,Palm,664,288,761,380
IMG_2361_4.jpg,1000,1000,Palm,707,210,797,294
IMG_2361_4.jpg,1000,1000,Palm,800,211,887,299
IMG_2361_4.jpg,1000,1000,Palm,886,215,973,298
IMG_2361_4.jpg,1000,1000,Palm,846,296,944,386
IMG_2361_4.jpg,1000,1000,Palm,760,305,837,379
IMG_2361_4.jpg,1000,1000,Palm,897,380,984,471
IMG_2361_4.jpg,1000,1000,Palm,790,388,870,465
IMG_2361_4.jpg,1000,1000,Palm,711,389,796,468
IMG_2361_4.jpg,1000,1000,Palm,16,421,117,530
IMG_2361_4.jpg,1000,1000,Palm,277,357,352,448
IMG_2361_4.jpg,1000,1000,Palm,534,368,615,458
IMG_2361_4.jpg,1000,1000,Palm,310,448,401,533
IMG_2361_4.jpg,1000,1000,Palm,405,443,494,543
IMG_2361_4.jpg,1000,1000,Palm,497,446,583,539
IMG_2361_4.jpg,1000,1000,Palm,585,458,674,555
IMG_2361_4.jpg,1000,1000,Palm,673,474,748,555
IMG_2361_4.jpg,1000,1000,Palm,761,470,854,555
IMG_2361_4.jpg,1000,1000,Palm,856,478,925,545
IMG_2361_4.jpg,1000,1000,Palm,130,622,221,723
IMG_2361_4.jpg,1000,1000,Palm,29,624,120,728
IMG_2361_4.jpg,1000,1000,Palm,222,625,316,731
IMG_2361_4.jpg,1000,1000,Palm,263,538,364,631
IMG_2361_4.jpg,1000,1000,Palm,398,630,492,721
IMG_2361_4.jpg,1000,1000,Palm,451,546,547,634
IMG_2361_4.jpg,1000,1000,Palm,575,639,678,738
IMG_2361_4.jpg,1000,1000,Palm,646,564,722,644
IMG_2361_4.jpg,1000,1000,Palm,715,562,805,640
IMG_2361_4.jpg,1000,1000,Palm,813,561,899,648
IMG_2361_4.jpg,1000,1000,Palm,858,655,946,722
IMG_2361_4.jpg,1000,1000,Palm,775,657,855,733
IMG_2361_4.jpg,1000,1000,Palm,680,645,762,731
IMG_2361_4.jpg,1000,1000,Palm,912,732,1000,813
IMG_2361_4.jpg,1000,1000,Palm,805,730,902,823
IMG_2361_4.jpg,1000,1000,Palm,705,725,807,824
IMG_2361_4.jpg,1000,1000,Palm,171,726,267,813
IMG_2361_4.jpg,1000,1000,Palm,277,731,362,813
IMG_2361_4.jpg,1000,1000,Palm,368,730,466,817
IMG_2361_4.jpg,1000,1000,Palm,465,727,549,819
IMG_2361_4.jpg,1000,1000,Palm,552,739,642,821
IMG_2361_4.jpg,1000,1000,Palm,30,810,123,896
IMG_2361_4.jpg,1000,1000,Palm,140,823,206,892
IMG_2361_4.jpg,1000,1000,Palm,210,810,319,916
IMG_2361_4.jpg,1000,1000,Palm,264,895,365,994
IMG_2361_4.jpg,1000,1000,Palm,361,893,472,995
IMG_2361_4.jpg,1000,1000,Palm,464,886,560,993
IMG_2361_4.jpg,1000,1000,Palm,506,822,599,892
IMG_2361_4.jpg,1000,1000,Palm,604,828,679,895
IMG_2361_4.jpg,1000,1000,Palm,556,898,645,986
IMG_2361_4.jpg,1000,1000,Palm,642,907,730,988
IMG_2361_4.jpg,1000,1000,Palm,719,905,811,992
IMG_2361_4.jpg,1000,1000,Palm,756,814,852,911
IMG_2361_4.jpg,1000,1000,Palm,888,900,996,997
IMG_2361_5.jpg,1000,1000,Palm,3,69,94,154
IMG_2361_5.jpg,1000,1000,Palm,117,68,207,141
IMG_2361_5.jpg,1000,1000,Palm,330,55,415,131
IMG_2361_5.jpg,1000,1000,Palm,435,44,523,124
IMG_2361_5.jpg,1000,1000,Palm,538,39,646,127
IMG_2361_5.jpg,1000,1000,Palm,655,40,735,123
IMG_2361_5.jpg,1000,1000,Palm,746,21,858,119
IMG_2361_5.jpg,1000,1000,Palm,869,16,978,122
IMG_2361_5.jpg,1000,1000,Palm,168,157,264,236
IMG_2361_5.jpg,1000,1000,Palm,267,146,373,239
IMG_2361_5.jpg,1000,1000,Palm,379,142,491,238
IMG_2361_5.jpg,1000,1000,Palm,720,134,808,219
IMG_2361_5.jpg,1000,1000,Palm,827,127,912,204
IMG_2361_5.jpg,1000,1000,Palm,33,265,112,344
IMG_2361_5.jpg,1000,1000,Palm,135,260,222,336
IMG_2361_5.jpg,1000,1000,Palm,229,251,338,339
IMG_2361_5.jpg,1000,1000,Palm,354,245,434,324
IMG_2361_5.jpg,1000,1000,Palm,445,243,544,331
IMG_2361_5.jpg,1000,1000,Palm,561,222,662,319
IMG_2361_5.jpg,1000,1000,Palm,667,233,763,318
IMG_2361_5.jpg,1000,1000,Palm,789,219,882,307
IMG_2361_5.jpg,1000,1000,Palm,891,210,989,304
IMG_2361_5.jpg,1000,1000,Palm,1,352,85,440
IMG_2361_5.jpg,1000,1000,Palm,85,355,186,438
IMG_2361_5.jpg,1000,1000,Palm,197,347,281,432
IMG_2361_5.jpg,1000,1000,Palm,305,347,385,416
IMG_2361_5.jpg,1000,1000,Palm,506,324,608,417
IMG_2361_5.jpg,1000,1000,Palm,617,326,731,413
IMG_2361_5.jpg,1000,1000,Palm,848,318,933,400
IMG_2361_5.jpg,1000,1000,Palm,269,434,364,532
IMG_2361_5.jpg,1000,1000,Palm,368,421,473,527
IMG_2361_5.jpg,1000,1000,Palm,467,425,575,523
IMG_2361_5.jpg,1000,1000,Palm,587,416,678,513
IMG_2361_5.jpg,1000,1000,Palm,688,414,794,510
IMG_2361_5.jpg,1000,1000,Palm,812,409,899,497
IMG_2361_5.jpg,1000,1000,Palm,907,401,997,495
IMG_2361_5.jpg,1000,1000,Palm,39,521,134,612
IMG_2361_5.jpg,1000,1000,Palm,136,522,227,614
IMG_2361_5.jpg,1000,1000,Palm,227,516,329,614
IMG_2361_5.jpg,1000,1000,Palm,329,526,419,611
IMG_2361_5.jpg,1000,1000,Palm,432,513,536,613
IMG_2361_5.jpg,1000,1000,Palm,551,517,623,596
IMG_2361_5.jpg,1000,1000,Palm,645,501,741,594
IMG_2361_5.jpg,1000,1000,Palm,756,509,857,598
IMG_2361_5.jpg,1000,1000,Palm,863,502,956,589
IMG_2361_5.jpg,1000,1000,Palm,11,613,99,694
IMG_2361_5.jpg,1000,1000,Palm,100,618,192,699
IMG_2361_5.jpg,1000,1000,Palm,211,612,295,694
IMG_2361_5.jpg,1000,1000,Palm,302,622,377,693
IMG_2361_5.jpg,1000,1000,Palm,489,601,591,695
IMG_2361_5.jpg,1000,1000,Palm,602,599,700,695
IMG_2361_5.jpg,1000,1000,Palm,713,597,802,688
IMG_2361_5.jpg,1000,1000,Palm,828,594,911,673
IMG_2361_5.jpg,1000,1000,Palm,65,702,163,794
IMG_2361_5.jpg,1000,1000,Palm,165,696,255,788
IMG_2361_5.jpg,1000,1000,Palm,247,705,341,786
IMG_2361_5.jpg,1000,1000,Palm,337,695,455,798
IMG_2361_5.jpg,1000,1000,Palm,452,702,566,793
IMG_2361_5.jpg,1000,1000,Palm,558,701,654,791
IMG_2361_5.jpg,1000,1000,Palm,667,699,764,781
IMG_2361_5.jpg,1000,1000,Palm,775,698,880,792
IMG_2361_5.jpg,1000,1000,Palm,895,682,984,769
IMG_2361_5.jpg,1000,1000,Palm,47,788,138,873
IMG_2361_5.jpg,1000,1000,Palm,133,790,236,879
IMG_2361_5.jpg,1000,1000,Palm,235,781,336,878
IMG_2361_5.jpg,1000,1000,Palm,408,786,516,882
IMG_2361_5.jpg,1000,1000,Palm,520,789,616,884
IMG_2361_5.jpg,1000,1000,Palm,744,792,823,865
IMG_2361_5.jpg,1000,1000,Palm,900,832,995,933
IMG_2361_5.jpg,1000,1000,Palm,810,850,901,942
IMG_2361_5.jpg,1000,1000,Palm,596,868,685,951
IMG_2361_5.jpg,1000,1000,Palm,488,888,577,961
IMG_2361_5.jpg,1000,1000,Palm,381,865,469,954
IMG_2361_5.jpg,1000,1000,Palm,203,882,296,957
IMG_2361_5.jpg,1000,1000,Palm,104,871,196,955
IMG_2361_7.jpg,1000,1000,Palm,81,4,186,102
IMG_2361_7.jpg,1000,1000,Palm,40,83,142,184
IMG_2361_7.jpg,1000,1000,Palm,4,180,86,276
IMG_2361_7.jpg,1000,1000,Palm,147,93,235,181
IMG_2361_7.jpg,1000,1000,Palm,91,181,183,274
IMG_2361_7.jpg,1000,1000,Palm,41,269,142,368
IMG_2361_7.jpg,1000,1000,Palm,4,368,90,455
IMG_2361_7.jpg,1000,1000,Palm,244,89,341,181
IMG_2361_7.jpg,1000,1000,Palm,192,174,294,281
IMG_2361_7.jpg,1000,1000,Palm,144,271,254,383
IMG_2361_7.jpg,1000,1000,Palm,96,358,194,462
IMG_2361_7.jpg,1000,1000,Palm,58,462,140,538
IMG_2361_7.jpg,1000,1000,Palm,1,534,103,649
IMG_2361_7.jpg,1000,1000,Palm,405,1,500,85
IMG_2361_7.jpg,1000,1000,Palm,351,80,447,176
IMG_2361_7.jpg,1000,1000,Palm,307,174,399,260
IMG_2361_7.jpg,1000,1000,Palm,257,265,350,356
IMG_2361_7.jpg,1000,1000,Palm,210,373,306,471
IMG_2361_7.jpg,1000,1000,Palm,107,539,208,632
IMG_2361_7.jpg,1000,1000,Palm,51,643,148,736
IMG_2361_7.jpg,1000,1000,Palm,505,1,606,95
IMG_2361_7.jpg,1000,1000,Palm,465,80,558,177
IMG_2361_7.jpg,1000,1000,Palm,405,161,516,276
IMG_2361_7.jpg,1000,1000,Palm,346,261,457,366
IMG_2361_7.jpg,1000,1000,Palm,305,349,401,440
IMG_2361_7.jpg,1000,1000,Palm,203,531,305,634
IMG_2361_7.jpg,1000,1000,Palm,152,627,258,730
IMG_2361_7.jpg,1000,1000,Palm,108,734,206,823
IMG_2361_7.jpg,1000,1000,Palm,96,901,206,990
IMG_2361_7.jpg,1000,1000,Palm,153,812,258,909
IMG_2361_7.jpg,1000,1000,Palm,216,911,313,989
IMG_2361_7.jpg,1000,1000,Palm,254,794,356,891
IMG_2361_7.jpg,1000,1000,Palm,310,701,408,804
IMG_2361_7.jpg,1000,1000,Palm,363,625,463,713
IMG_2361_7.jpg,1000,1000,Palm,308,532,405,630
IMG_2361_7.jpg,1000,1000,Palm,366,449,452,538
IMG_2361_7.jpg,1000,1000,Palm,460,430,563,538
IMG_2361_7.jpg,1000,1000,Palm,464,255,562,355
IMG_2361_7.jpg,1000,1000,Palm,514,354,607,452
IMG_2361_7.jpg,1000,1000,Palm,562,256,656,352
IMG_2361_7.jpg,1000,1000,Palm,514,178,596,258
IMG_2361_7.jpg,1000,1000,Palm,555,72,658,185
IMG_2361_7.jpg,1000,1000,Palm,613,1,716,84
IMG_2361_7.jpg,1000,1000,Palm,719,2,810,78
IMG_2361_7.jpg,1000,1000,Palm,813,1,915,82
IMG_2361_7.jpg,1000,1000,Palm,665,75,769,172
IMG_2361_7.jpg,1000,1000,Palm,607,165,710,267
IMG_2361_7.jpg,1000,1000,Palm,565,260,658,356
IMG_2361_7.jpg,1000,1000,Palm,879,83,967,174
IMG_2361_7.jpg,1000,1000,Palm,817,167,914,258
IMG_2361_7.jpg,1000,1000,Palm,779,262,862,347
IMG_2361_7.jpg,1000,1000,Palm,880,257,977,356
IMG_2361_7.jpg,1000,1000,Palm,730,181,806,254
IMG_2361_7.jpg,1000,1000,Palm,721,345,810,442
IMG_2361_7.jpg,1000,1000,Palm,670,438,770,535
IMG_2361_7.jpg,1000,1000,Palm,857,414,974,524
IMG_2361_7.jpg,1000,1000,Palm,564,449,652,529
IMG_2361_7.jpg,1000,1000,Palm,614,530,720,633
IMG_2361_7.jpg,1000,1000,Palm,723,519,830,626
IMG_2361_7.jpg,1000,1000,Palm,514,878,614,976
IMG_2361_7.jpg,1000,1000,Palm,612,869,703,957
IMG_2361_7.jpg,1000,1000,Palm,707,866,798,967
IMG_2361_7.jpg,1000,1000,Palm,799,871,907,958
IMG_2361_7.jpg,1000,1000,Palm,872,778,967,875
IMG_2361_7.jpg,1000,1000,Palm,753,786,858,878
IMG_2361_7.jpg,1000,1000,Palm,662,792,755,874
IMG_2361_7.jpg,1000,1000,Palm,465,793,551,875
IMG_2361_7.jpg,1000,1000,Palm,510,699,615,791
IMG_2361_7.jpg,1000,1000,Palm,621,707,718,791
IMG_2361_7.jpg,1000,1000,Palm,721,708,814,789
IMG_2361_7.jpg,1000,1000,Palm,821,706,911,793
IMG_2361_7.jpg,1000,1000,Palm,573,619,667,706
IMG_2361_7.jpg,1000,1000,Palm,737,523,827,623
IMG_2361_8.jpg,1000,1000,Palm,870,2,954,80
IMG_2361_8.jpg,1000,1000,Palm,774,2,858,82
IMG_2361_8.jpg,1000,1000,Palm,821,81,905,166
IMG_2361_8.jpg,1000,1000,Palm,914,80,996,164
IMG_2361_8.jpg,1000,1000,Palm,861,172,930,241
IMG_2361_8.jpg,1000,1000,Palm,902,241,991,333
IMG_2361_8.jpg,1000,1000,Palm,829,261,890,324
IMG_2361_8.jpg,1000,1000,Palm,900,406,990,506
IMG_2361_8.jpg,1000,1000,Palm,599,2,691,82
IMG_2361_8.jpg,1000,1000,Palm,684,147,781,251
IMG_2361_8.jpg,1000,1000,Palm,734,252,820,338
IMG_2361_8.jpg,1000,1000,Palm,777,330,864,417
IMG_2361_8.jpg,1000,1000,Palm,817,409,903,494
IMG_2361_8.jpg,1000,1000,Palm,860,493,944,582
IMG_2361_8.jpg,1000,1000,Palm,888,589,973,665
IMG_2361_8.jpg,1000,1000,Palm,927,660,1000,744
IMG_2361_8.jpg,1000,1000,Palm,913,824,996,917
IMG_2361_8.jpg,1000,1000,Palm,878,742,966,831
IMG_2361_8.jpg,1000,1000,Palm,841,659,929,747
IMG_2361_8.jpg,1000,1000,Palm,802,586,891,673
IMG_2361_8.jpg,1000,1000,Palm,772,510,854,584
IMG_2361_8.jpg,1000,1000,Palm,725,418,823,512
IMG_2361_8.jpg,1000,1000,Palm,680,330,775,421
IMG_2361_8.jpg,1000,1000,Palm,640,262,722,335
IMG_2361_8.jpg,1000,1000,Palm,583,164,683,264
IMG_2361_8.jpg,1000,1000,Palm,551,94,629,168
IMG_2361_8.jpg,1000,1000,Palm,510,3,596,87
IMG_2361_8.jpg,1000,1000,Palm,417,2,503,83
IMG_2361_8.jpg,1000,1000,Palm,456,88,548,174
IMG_2361_8.jpg,1000,1000,Palm,501,167,588,259
IMG_2361_8.jpg,1000,1000,Palm,546,257,637,349
IMG_2361_8.jpg,1000,1000,Palm,591,340,681,417
IMG_2361_8.jpg,1000,1000,Palm,679,501,767,581
IMG_2361_8.jpg,1000,1000,Palm,325,5,414,90
IMG_2361_8.jpg,1000,1000,Palm,368,85,457,171
IMG_2361_8.jpg,1000,1000,Palm,413,166,502,266
IMG_2361_8.jpg,1000,1000,Palm,457,256,547,341
IMG_2361_8.jpg,1000,1000,Palm,502,339,596,426
IMG_2361_8.jpg,1000,1000,Palm,545,441,619,512
IMG_2361_8.jpg,1000,1000,Palm,590,509,668,585
IMG_2361_8.jpg,1000,1000,Palm,635,594,704,665
IMG_2361_8.jpg,1000,1000,Palm,663,664,753,757
IMG_2361_8.jpg,1000,1000,Palm,748,665,844,751
IMG_2361_8.jpg,1000,1000,Palm,835,825,915,913
IMG_2361_8.jpg,1000,1000,Palm,865,908,942,984
IMG_2361_8.jpg,1000,1000,Palm,773,907,862,986
IMG_2361_8.jpg,1000,1000,Palm,738,825,832,908
IMG_2361_8.jpg,1000,1000,Palm,791,761,862,829
IMG_2361_8.jpg,1000,1000,Palm,713,756,796,835
IMG_2361_8.jpg,1000,1000,Palm,689,918,774,993
IMG_2361_8.jpg,1000,1000,Palm,652,835,739,914
IMG_2361_8.jpg,1000,1000,Palm,615,751,705,835
IMG_2361_8.jpg,1000,1000,Palm,584,688,664,760
IMG_2361_8.jpg,1000,1000,Palm,533,586,632,680
IMG_2361_8.jpg,1000,1000,Palm,497,514,582,583
IMG_2361_8.jpg,1000,1000,Palm,454,430,542,507
IMG_2361_8.jpg,1000,1000,Palm,418,347,503,428
IMG_2361_8.jpg,1000,1000,Palm,355,240,455,343
IMG_2361_8.jpg,1000,1000,Palm,227,5,321,86
IMG_2361_8.jpg,1000,1000,Palm,134,2,226,82
IMG_2361_8.jpg,1000,1000,Palm,185,88,271,172
IMG_2361_8.jpg,1000,1000,Palm,233,167,322,257
IMG_2361_8.jpg,1000,1000,Palm,280,250,372,342
IMG_2361_8.jpg,1000,1000,Palm,315,341,400,419
IMG_2361_8.jpg,1000,1000,Palm,367,426,458,519
IMG_2361_8.jpg,1000,1000,Palm,411,518,501,602
IMG_2361_8.jpg,1000,1000,Palm,455,597,547,679
IMG_2361_8.jpg,1000,1000,Palm,481,680,572,761
IMG_2361_8.jpg,1000,1000,Palm,533,766,605,829
IMG_2361_8.jpg,1000,1000,Palm,565,842,630,897
IMG_2361_8.jpg,1000,1000,Palm,579,899,680,989
IMG_2361_8.jpg,1000,1000,Palm,505,914,592,994
IMG_2361_8.jpg,1000,1000,Palm,474,841,566,924
IMG_2361_8.jpg,1000,1000,Palm,434,750,528,849
IMG_2361_8.jpg,1000,1000,Palm,378,681,472,759
IMG_2361_8.jpg,1000,1000,Palm,354,604,450,692
IMG_2361_8.jpg,1000,1000,Palm,311,514,412,607
IMG_2361_8.jpg,1000,1000,Palm,275,426,373,521
IMG_2361_8.jpg,1000,1000,Palm,225,341,317,429
IMG_2361_8.jpg,1000,1000,Palm,180,260,268,346
IMG_2361_8.jpg,1000,1000,Palm,131,169,232,260
IMG_2361_8.jpg,1000,1000,Palm,28,165,131,266
IMG_2361_8.jpg,1000,1000,Palm,3,80,80,171
IMG_2361_8.jpg,1000,1000,Palm,4,268,82,354
IMG_2361_8.jpg,1000,1000,Palm,31,347,117,438
IMG_2361_8.jpg,1000,1000,Palm,123,342,224,435
IMG_2361_8.jpg,1000,1000,Palm,76,433,173,524
IMG_2361_8.jpg,1000,1000,Palm,174,433,265,524
IMG_2361_8.jpg,1000,1000,Palm,4,679,110,783
IMG_2361_8.jpg,1000,1000,Palm,197,679,298,773
IMG_2361_8.jpg,1000,1000,Palm,260,598,360,689
IMG_2361_8.jpg,1000,1000,Palm,63,776,153,865
IMG_2361_8.jpg,1000,1000,Palm,152,776,251,871
IMG_2361_8.jpg,1000,1000,Palm,341,758,435,858
IMG_2361_8.jpg,1000,1000,Palm,322,916,434,1000
IMG_2367_8.jpg,1000,1000,Palm,97,669,178,746
IMG_2367_8.jpg,1000,1000,Palm,183,667,262,743
IMG_2367_8.jpg,1000,1000,Palm,269,682,345,745
IMG_2367_8.jpg,1000,1000,Palm,347,672,418,745
IMG_2367_8.jpg,1000,1000,Palm,406,673,478,748
IMG_2367_8.jpg,1000,1000,Palm,478,666,556,743
IMG_2367_8.jpg,1000,1000,Palm,554,672,623,742
IMG_2367_8.jpg,1000,1000,Palm,617,684,698,743
IMG_2367_8.jpg,1000,1000,Palm,217,585,297,649
IMG_2367_8.jpg,1000,1000,Palm,317,594,395,672
IMG_2367_8.jpg,1000,1000,Palm,381,604,468,675
IMG_2367_8.jpg,1000,1000,Palm,455,584,527,655
IMG_2367_8.jpg,1000,1000,Palm,512,588,587,663
IMG_2367_8.jpg,1000,1000,Palm,664,598,736,665
IMG_2367_8.jpg,1000,1000,Palm,725,594,784,665
IMG_2367_8.jpg,1000,1000,Palm,772,590,844,663
IMG_2367_8.jpg,1000,1000,Palm,86,515,150,577
IMG_2367_8.jpg,1000,1000,Palm,147,596,206,650
IMG_2367_8.jpg,1000,1000,Palm,141,441,211,504
IMG_2367_8.jpg,1000,1000,Palm,210,440,278,505
IMG_2367_8.jpg,1000,1000,Palm,257,497,350,588
IMG_2367_8.jpg,1000,1000,Palm,482,526,552,588
IMG_2367_8.jpg,1000,1000,Palm,552,519,632,590
IMG_2367_8.jpg,1000,1000,Palm,628,525,696,597
IMG_2367_8.jpg,1000,1000,Palm,690,523,761,599
IMG_2367_8.jpg,1000,1000,Palm,658,448,734,525
IMG_2367_8.jpg,1000,1000,Palm,456,449,529,522
IMG_2367_8.jpg,1000,1000,Palm,189,367,257,431
IMG_2367_8.jpg,1000,1000,Palm,260,376,315,426
IMG_2367_8.jpg,1000,1000,Palm,332,378,398,439
IMG_2367_8.jpg,1000,1000,Palm,552,380,624,439
IMG_2367_8.jpg,1000,1000,Palm,631,381,697,443
IMG_2367_8.jpg,1000,1000,Palm,222,292,288,351
IMG_2367_8.jpg,1000,1000,Palm,133,151,196,223
IMG_2367_8.jpg,1000,1000,Palm,199,143,265,210
IMG_2367_8.jpg,1000,1000,Palm,361,162,436,227
IMG_2371_1.jpg,1000,1000,Palm,794,884,880,961
IMG_2371_1.jpg,1000,1000,Palm,684,874,779,964
IMG_2371_1.jpg,1000,1000,Palm,580,872,679,963
IMG_2371_1.jpg,1000,1000,Palm,492,867,585,958
IMG_2371_1.jpg,1000,1000,Palm,400,866,498,958
IMG_2371_1.jpg,1000,1000,Palm,317,868,405,954
IMG_2371_1.jpg,1000,1000,Palm,220,861,315,947
IMG_2371_1.jpg,1000,1000,Palm,50,862,147,940
IMG_2371_1.jpg,1000,1000,Palm,3,776,88,854
IMG_2371_1.jpg,1000,1000,Palm,172,769,275,856
IMG_2371_1.jpg,1000,1000,Palm,272,776,370,866
IMG_2371_1.jpg,1000,1000,Palm,358,775,452,857
IMG_2371_1.jpg,1000,1000,Palm,446,785,548,867
IMG_2371_1.jpg,1000,1000,Palm,534,773,634,862
IMG_2371_1.jpg,1000,1000,Palm,641,784,735,868
IMG_2371_1.jpg,1000,1000,Palm,737,782,833,867
IMG_2371_1.jpg,1000,1000,Palm,839,775,933,863
IMG_2371_1.jpg,1000,1000,Palm,803,699,903,782
IMG_2371_1.jpg,1000,1000,Palm,44,696,129,771
IMG_2371_1.jpg,1000,1000,Palm,184,612,285,695
IMG_2371_1.jpg,1000,1000,Palm,464,610,553,689
IMG_2371_1.jpg,1000,1000,Palm,567,619,656,694
IMG_2371_1.jpg,1000,1000,Palm,662,612,742,689
IMG_2371_1.jpg,1000,1000,Palm,767,613,855,695
IMG_2371_1.jpg,1000,1000,Palm,869,622,962,701
IMG_2371_1.jpg,1000,1000,Palm,914,533,998,619
IMG_2371_1.jpg,1000,1000,Palm,820,540,905,618
IMG_2371_1.jpg,1000,1000,Palm,719,529,811,611
IMG_2371_1.jpg,1000,1000,Palm,603,504,707,595
IMG_2371_1.jpg,1000,1000,Palm,537,532,615,609
IMG_2371_1.jpg,1000,1000,Palm,347,530,427,602
IMG_2371_1.jpg,1000,1000,Palm,223,515,315,600
IMG_2371_1.jpg,1000,1000,Palm,134,499,227,591
IMG_2371_1.jpg,1000,1000,Palm,213,436,305,521
IMG_2371_1.jpg,1000,1000,Palm,403,435,485,516
IMG_2371_1.jpg,1000,1000,Palm,484,433,581,524
IMG_2371_1.jpg,1000,1000,Palm,666,426,760,514
IMG_2371_1.jpg,1000,1000,Palm,779,445,858,529
IMG_2371_1.jpg,1000,1000,Palm,871,448,961,525
IMG_2371_1.jpg,1000,1000,Palm,848,359,928,440
IMG_2371_1.jpg,1000,1000,Palm,736,361,819,444
IMG_2371_1.jpg,1000,1000,Palm,628,350,725,441
IMG_2371_1.jpg,1000,1000,Palm,448,345,539,433
IMG_2371_1.jpg,1000,1000,Palm,215,275,307,361
IMG_2371_1.jpg,1000,1000,Palm,320,267,400,342
IMG_2371_1.jpg,1000,1000,Palm,394,259,480,344
IMG_2371_1.jpg,1000,1000,Palm,488,257,583,348
IMG_2371_1.jpg,1000,1000,Palm,598,264,692,355
IMG_2371_1.jpg,1000,1000,Palm,687,251,781,340
IMG_2371_1.jpg,1000,1000,Palm,790,269,879,357
IMG_2371_1.jpg,1000,1000,Palm,895,288,978,367
IMG_2371_1.jpg,1000,1000,Palm,860,214,927,278
IMG_2371_1.jpg,1000,1000,Palm,748,208,825,278
IMG_2371_1.jpg,1000,1000,Palm,540,169,649,274
IMG_2371_1.jpg,1000,1000,Palm,256,192,345,275
IMG_2371_1.jpg,1000,1000,Palm,205,110,295,194
IMG_2371_1.jpg,1000,1000,Palm,407,111,497,188
IMG_2371_1.jpg,1000,1000,Palm,356,192,440,265
IMG_2371_1.jpg,1000,1000,Palm,567,34,636,100
IMG_2371_1.jpg,1000,1000,Palm,651,17,740,109
IMG_2371_1.jpg,1000,1000,Palm,739,39,841,125
IMG_2371_1.jpg,1000,1000,Palm,881,105,970,197
IMG_2371_1.jpg,1000,1000,Palm,922,184,1000,282
IMG_2371_1.jpg,1000,1000,Palm,799,117,882,205
IMG_2371_1.jpg,1000,1000,Palm,603,102,694,193
IMG_2371_3.jpg,1000,1000,Palm,7,76,83,156
IMG_2371_3.jpg,1000,1000,Palm,95,67,181,156
IMG_2371_3.jpg,1000,1000,Palm,235,2,328,76
IMG_2371_3.jpg,1000,1000,Palm,196,69,280,164
IMG_2371_3.jpg,1000,1000,Palm,149,144,239,233
IMG_2371_3.jpg,1000,1000,Palm,52,161,131,245
IMG_2371_3.jpg,1000,1000,Palm,14,247,91,317
IMG_2371_3.jpg,1000,1000,Palm,106,246,183,323
IMG_2371_3.jpg,1000,1000,Palm,57,322,139,409
IMG_2371_3.jpg,1000,1000,Palm,10,402,84,485
IMG_2371_3.jpg,1000,1000,Palm,49,481,132,572
IMG_2371_3.jpg,1000,1000,Palm,112,397,191,478
IMG_2371_3.jpg,1000,1000,Palm,152,327,229,399
IMG_2371_3.jpg,1000,1000,Palm,336,5,428,89
IMG_2371_3.jpg,1000,1000,Palm,290,78,371,167
IMG_2371_3.jpg,1000,1000,Palm,253,161,334,242
IMG_2371_3.jpg,1000,1000,Palm,438,2,523,80
IMG_2371_3.jpg,1000,1000,Palm,391,80,475,162
IMG_2371_3.jpg,1000,1000,Palm,344,166,422,249
IMG_2371_3.jpg,1000,1000,Palm,287,249,373,334
IMG_2371_3.jpg,1000,1000,Palm,247,319,338,401
IMG_2371_3.jpg,1000,1000,Palm,201,408,280,489
IMG_2371_3.jpg,1000,1000,Palm,161,482,249,573
IMG_2371_3.jpg,1000,1000,Palm,115,566,186,639
IMG_2371_3.jpg,1000,1000,Palm,52,651,130,721
IMG_2371_3.jpg,1000,1000,Palm,8,727,91,811
IMG_2371_3.jpg,1000,1000,Palm,7,891,86,976
IMG_2371_3.jpg,1000,1000,Palm,54,816,135,896
IMG_2371_3.jpg,1000,1000,Palm,108,729,187,815
IMG_2371_3.jpg,1000,1000,Palm,152,638,237,722
IMG_2371_3.jpg,1000,1000,Palm,192,577,278,650
IMG_2371_3.jpg,1000,1000,Palm,105,904,184,981
IMG_2371_3.jpg,1000,1000,Palm,154,827,223,893
IMG_2371_3.jpg,1000,1000,Palm,198,742,275,815
IMG_2371_3.jpg,1000,1000,Palm,268,563,361,656
IMG_2371_3.jpg,1000,1000,Palm,279,404,375,493
IMG_2371_3.jpg,1000,1000,Palm,337,332,420,415
IMG_2371_3.jpg,1000,1000,Palm,425,164,519,256
IMG_2371_3.jpg,1000,1000,Palm,530,16,605,86
IMG_2371_3.jpg,1000,1000,Palm,619,6,708,88
IMG_2371_3.jpg,1000,1000,Palm,720,9,806,89
IMG_2371_3.jpg,1000,1000,Palm,816,7,904,93
IMG_2371_3.jpg,1000,1000,Palm,673,90,756,172
IMG_2371_3.jpg,1000,1000,Palm,765,92,849,182
IMG_2371_3.jpg,1000,1000,Palm,864,93,949,175
IMG_2371_3.jpg,1000,1000,Palm,515,159,589,244
IMG_2371_3.jpg,1000,1000,Palm,632,169,717,251
IMG_2371_3.jpg,1000,1000,Palm,730,177,802,256
IMG_2371_3.jpg,1000,1000,Palm,825,175,902,259
IMG_2371_3.jpg,1000,1000,Palm,485,249,560,319
IMG_2371_3.jpg,1000,1000,Palm,588,268,645,334
IMG_2371_3.jpg,1000,1000,Palm,657,248,755,341
IMG_2371_3.jpg,1000,1000,Palm,772,260,854,342
IMG_2371_3.jpg,1000,1000,Palm,863,264,945,346
IMG_2371_3.jpg,1000,1000,Palm,424,331,510,416
IMG_2371_3.jpg,1000,1000,Palm,525,340,604,415
IMG_2371_3.jpg,1000,1000,Palm,624,342,707,421
IMG_2371_3.jpg,1000,1000,Palm,718,343,803,423
IMG_2371_3.jpg,1000,1000,Palm,813,345,897,431
IMG_2371_3.jpg,1000,1000,Palm,911,357,984,434
IMG_2371_3.jpg,1000,1000,Palm,390,415,472,491
IMG_2371_3.jpg,1000,1000,Palm,478,415,566,493
IMG_2371_3.jpg,1000,1000,Palm,575,416,657,497
IMG_2371_3.jpg,1000,1000,Palm,677,429,757,504
IMG_2371_3.jpg,1000,1000,Palm,861,438,933,504
IMG_2371_3.jpg,1000,1000,Palm,329,480,417,568
IMG_2371_3.jpg,1000,1000,Palm,428,491,512,572
IMG_2371_3.jpg,1000,1000,Palm,386,572,464,654
IMG_2371_3.jpg,1000,1000,Palm,479,576,563,660
IMG_2371_3.jpg,1000,1000,Palm,575,588,645,656
IMG_2371_3.jpg,1000,1000,Palm,763,602,827,664
IMG_2371_3.jpg,1000,1000,Palm,345,652,421,739
IMG_2371_3.jpg,1000,1000,Palm,420,658,499,733
IMG_2371_3.jpg,1000,1000,Palm,521,666,599,738
IMG_2371_3.jpg,1000,1000,Palm,610,659,711,747
IMG_2371_3.jpg,1000,1000,Palm,717,665,805,749
IMG_2371_3.jpg,1000,1000,Palm,815,673,894,754
IMG_2371_3.jpg,1000,1000,Palm,901,678,979,751
IMG_2371_3.jpg,1000,1000,Palm,518,498,600,572
IMG_2371_3.jpg,1000,1000,Palm,610,494,711,576
IMG_2371_3.jpg,1000,1000,Palm,720,507,804,585
IMG_2371_3.jpg,1000,1000,Palm,806,505,895,591
IMG_2371_3.jpg,1000,1000,Palm,894,512,987,595
IMG_2371_3.jpg,1000,1000,Palm,294,738,380,822
IMG_2371_3.jpg,1000,1000,Palm,478,743,553,814
IMG_2371_3.jpg,1000,1000,Palm,571,749,646,825
IMG_2371_3.jpg,1000,1000,Palm,660,764,731,829
IMG_2371_3.jpg,1000,1000,Palm,849,756,930,832
IMG_2371_3.jpg,1000,1000,Palm,239,821,321,904
IMG_2371_3.jpg,1000,1000,Palm,344,818,423,894
IMG_2371_3.jpg,1000,1000,Palm,527,834,604,906
IMG_2371_3.jpg,1000,1000,Palm,798,842,877,917
IMG_2371_3.jpg,1000,1000,Palm,895,846,969,923
IMG_2371_3.jpg,1000,1000,Palm,196,898,281,976
IMG_2371_3.jpg,1000,1000,Palm,294,901,378,979
IMG_2371_3.jpg,1000,1000,Palm,384,901,477,991
IMG_2371_3.jpg,1000,1000,Palm,481,918,569,994
IMG_2371_3.jpg,1000,1000,Palm,570,915,662,991
IMG_2371_3.jpg,1000,1000,Palm,666,915,755,998
IMG_2371_3.jpg,1000,1000,Palm,761,924,837,995
IMG_2371_3.jpg,1000,1000,Palm,848,932,923,996
IMG_2371_7.jpg,1000,1000,Palm,99,77,178,150
IMG_2371_7.jpg,1000,1000,Palm,150,162,227,238
IMG_2371_7.jpg,1000,1000,Palm,291,71,383,155
IMG_2371_7.jpg,1000,1000,Palm,245,150,346,242
IMG_2371_7.jpg,1000,1000,Palm,340,165,416,243
IMG_2371_7.jpg,1000,1000,Palm,383,82,468,163
IMG_2371_7.jpg,1000,1000,Palm,435,1,517,75
IMG_2371_7.jpg,1000,1000,Palm,529,2,612,79
IMG_2371_7.jpg,1000,1000,Palm,621,6,708,81
IMG_2371_7.jpg,1000,1000,Palm,712,5,790,84
IMG_2371_7.jpg,1000,1000,Palm,796,8,873,81
IMG_2371_7.jpg,1000,1000,Palm,880,15,963,88
IMG_2371_7.jpg,1000,1000,Palm,929,99,1000,180
IMG_2371_7.jpg,1000,1000,Palm,841,101,919,168
IMG_2371_7.jpg,1000,1000,Palm,658,86,744,167
IMG_2371_7.jpg,1000,1000,Palm,572,84,655,165
IMG_2371_7.jpg,1000,1000,Palm,480,83,570,165
IMG_2371_7.jpg,1000,1000,Palm,435,163,523,244
IMG_2371_7.jpg,1000,1000,Palm,529,174,612,251
IMG_2371_7.jpg,1000,1000,Palm,612,175,689,254
IMG_2371_7.jpg,1000,1000,Palm,699,177,778,258
IMG_2371_7.jpg,1000,1000,Palm,873,176,951,251
IMG_2371_7.jpg,1000,1000,Palm,1,244,75,329
IMG_2371_7.jpg,1000,1000,Palm,152,1,236,66
IMG_2371_7.jpg,1000,1000,Palm,40,334,128,413
IMG_2371_7.jpg,1000,1000,Palm,141,338,220,409
IMG_2371_7.jpg,1000,1000,Palm,191,255,269,328
IMG_2371_7.jpg,1000,1000,Palm,242,336,315,412
IMG_2371_7.jpg,1000,1000,Palm,380,258,469,335
IMG_2371_7.jpg,1000,1000,Palm,337,340,414,415
IMG_2371_7.jpg,1000,1000,Palm,570,254,649,336
IMG_2371_7.jpg,1000,1000,Palm,650,260,729,340
IMG_2371_7.jpg,1000,1000,Palm,737,260,806,331
IMG_2371_7.jpg,1000,1000,Palm,815,258,894,329
IMG_2371_7.jpg,1000,1000,Palm,515,348,601,427
IMG_2371_7.jpg,1000,1000,Palm,699,346,790,426
IMG_2371_7.jpg,1000,1000,Palm,784,339,865,421
IMG_2371_7.jpg,1000,1000,Palm,870,342,951,419
IMG_2371_7.jpg,1000,1000,Palm,4,424,79,507
IMG_2371_7.jpg,1000,1000,Palm,92,417,167,491
IMG_2371_7.jpg,1000,1000,Palm,182,418,268,500
IMG_2371_7.jpg,1000,1000,Palm,290,426,368,502
IMG_2371_7.jpg,1000,1000,Palm,464,423,540,500
IMG_2371_7.jpg,1000,1000,Palm,639,413,718,495
IMG_2371_7.jpg,1000,1000,Palm,732,428,806,498
IMG_2371_7.jpg,1000,1000,Palm,822,424,902,505
IMG_2371_7.jpg,1000,1000,Palm,904,421,995,501
IMG_2371_7.jpg,1000,1000,Palm,45,499,107,565
IMG_2371_7.jpg,1000,1000,Palm,153,527,224,592
IMG_2371_7.jpg,1000,1000,Palm,237,510,315,586
IMG_2371_7.jpg,1000,1000,Palm,316,507,404,585
IMG_2371_7.jpg,1000,1000,Palm,417,506,489,574
IMG_2371_7.jpg,1000,1000,Palm,600,501,674,576
IMG_2371_7.jpg,1000,1000,Palm,686,506,770,584
IMG_2371_7.jpg,1000,1000,Palm,772,502,853,581
IMG_2371_7.jpg,1000,1000,Palm,857,507,931,581
IMG_2371_7.jpg,1000,1000,Palm,2,585,74,669
IMG_2371_7.jpg,1000,1000,Palm,85,584,168,667
IMG_2371_7.jpg,1000,1000,Palm,178,590,262,669
IMG_2371_7.jpg,1000,1000,Palm,465,584,544,664
IMG_2371_7.jpg,1000,1000,Palm,541,588,629,667
IMG_2371_7.jpg,1000,1000,Palm,634,583,718,663
IMG_2371_7.jpg,1000,1000,Palm,891,580,980,658
IMG_2371_7.jpg,1000,1000,Palm,810,584,884,654
IMG_2371_7.jpg,1000,1000,Palm,363,578,445,659
IMG_2371_8.jpg,1000,1000,Palm,63,12,148,92
IMG_2371_8.jpg,1000,1000,Palm,150,23,230,99
IMG_2371_8.jpg,1000,1000,Palm,235,27,314,101
IMG_2371_8.jpg,1000,1000,Palm,401,34,487,108
IMG_2371_8.jpg,1000,1000,Palm,502,35,580,110
IMG_2371_8.jpg,1000,1000,Palm,589,44,673,118
IMG_2371_8.jpg,1000,1000,Palm,805,48,885,121
IMG_2371_8.jpg,1000,1000,Palm,890,44,970,123
IMG_2371_8.jpg,1000,1000,Palm,19,101,89,177
IMG_2371_8.jpg,1000,1000,Palm,89,104,162,179
IMG_2371_8.jpg,1000,1000,Palm,180,109,253,179
IMG_2371_8.jpg,1000,1000,Palm,363,109,428,177
IMG_2371_8.jpg,1000,1000,Palm,446,125,524,194
IMG_2371_8.jpg,1000,1000,Palm,532,128,600,193
IMG_2371_8.jpg,1000,1000,Palm,605,123,672,195
IMG_2371_8.jpg,1000,1000,Palm,688,128,762,200
IMG_2371_8.jpg,1000,1000,Palm,763,133,835,204
IMG_2371_8.jpg,1000,1000,Palm,840,125,924,205
IMG_2371_8.jpg,1000,1000,Palm,56,179,132,258
IMG_2371_8.jpg,1000,1000,Palm,141,184,222,264
IMG_2371_8.jpg,1000,1000,Palm,231,190,297,260
IMG_2371_8.jpg,1000,1000,Palm,304,189,383,267
IMG_2371_8.jpg,1000,1000,Palm,4,262,86,339
IMG_2371_8.jpg,1000,1000,Palm,246,277,320,347
IMG_2371_8.jpg,1000,1000,Palm,350,266,428,339
IMG_2371_8.jpg,1000,1000,Palm,425,273,497,351
IMG_2371_8.jpg,1000,1000,Palm,580,276,662,356
IMG_2371_8.jpg,1000,1000,Palm,660,207,725,267
IMG_2371_8.jpg,1000,1000,Palm,787,209,865,276
IMG_2371_8.jpg,1000,1000,Palm,875,207,951,280
IMG_2371_8.jpg,1000,1000,Palm,675,290,749,362
IMG_2371_8.jpg,1000,1000,Palm,744,274,821,358
IMG_2371_8.jpg,1000,1000,Palm,824,285,889,354
IMG_2371_8.jpg,1000,1000,Palm,902,277,984,362
IMG_2371_8.jpg,1000,1000,Palm,221,348,297,426
IMG_2371_8.jpg,1000,1000,Palm,299,350,368,423
IMG_2371_8.jpg,1000,1000,Palm,375,351,466,436
IMG_2371_8.jpg,1000,1000,Palm,463,356,539,432
IMG_2371_8.jpg,1000,1000,Palm,542,360,620,433
IMG_2371_8.jpg,1000,1000,Palm,617,356,686,433
IMG_2371_8.jpg,1000,1000,Palm,686,352,770,429
IMG_2371_8.jpg,1000,1000,Palm,771,357,857,441
IMG_2371_8.jpg,1000,1000,Palm,856,355,938,440
IMG_2371_8.jpg,1000,1000,Palm,4,424,77,502
IMG_2371_8.jpg,1000,1000,Palm,75,428,153,497
IMG_2371_8.jpg,1000,1000,Palm,330,431,413,506
IMG_2371_8.jpg,1000,1000,Palm,413,434,484,504
IMG_2371_8.jpg,1000,1000,Palm,486,428,558,501
IMG_2371_8.jpg,1000,1000,Palm,564,429,647,511
IMG_2371_8.jpg,1000,1000,Palm,642,436,711,513
IMG_2371_8.jpg,1000,1000,Palm,727,439,805,509
IMG_2371_8.jpg,1000,1000,Palm,813,438,891,507
IMG_2371_8.jpg,1000,1000,Palm,895,439,974,517
IMG_2371_8.jpg,1000,1000,Palm,34,504,111,577
IMG_2371_8.jpg,1000,1000,Palm,108,511,185,589
IMG_2371_8.jpg,1000,1000,Palm,286,507,373,585
IMG_2371_8.jpg,1000,1000,Palm,442,506,524,577
IMG_2371_8.jpg,1000,1000,Palm,520,513,595,582
IMG_2371_8.jpg,1000,1000,Palm,596,512,678,588
IMG_2371_8.jpg,1000,1000,Palm,751,512,831,592
IMG_2371_8.jpg,1000,1000,Palm,838,510,918,595
IMG_2371_8.jpg,1000,1000,Palm,221,583,307,662
IMG_2371_8.jpg,1000,1000,Palm,315,586,404,667
IMG_2371_8.jpg,1000,1000,Palm,463,588,548,663
IMG_2371_8.jpg,1000,1000,Palm,716,586,798,662
IMG_2371_8.jpg,1000,1000,Palm,800,595,863,664
IMG_2371_8.jpg,1000,1000,Palm,869,594,952,665
IMG_2374_1.jpg,1000,1000,Palm,761,902,851,988
IMG_2374_1.jpg,1000,1000,Palm,664,902,746,982
IMG_2374_1.jpg,1000,1000,Palm,557,898,651,986
IMG_2374_1.jpg,1000,1000,Palm,460,889,551,977
IMG_2374_1.jpg,1000,1000,Palm,368,895,455,979
IMG_2374_1.jpg,1000,1000,Palm,249,868,362,968
IMG_2374_1.jpg,1000,1000,Palm,135,883,235,968
IMG_2374_1.jpg,1000,1000,Palm,834,815,927,908
IMG_2374_1.jpg,1000,1000,Palm,627,821,707,901
IMG_2374_1.jpg,1000,1000,Palm,506,799,606,894
IMG_2374_1.jpg,1000,1000,Palm,391,800,504,893
IMG_2374_1.jpg,1000,1000,Palm,303,802,396,886
IMG_2374_1.jpg,1000,1000,Palm,83,785,186,873
IMG_2374_1.jpg,1000,1000,Palm,33,694,145,777
IMG_2374_1.jpg,1000,1000,Palm,157,706,251,799
IMG_2374_1.jpg,1000,1000,Palm,248,702,348,795
IMG_2374_1.jpg,1000,1000,Palm,358,711,470,800
IMG_2374_1.jpg,1000,1000,Palm,556,715,660,807
IMG_2374_1.jpg,1000,1000,Palm,757,733,860,825
IMG_2374_1.jpg,1000,1000,Palm,890,640,987,736
IMG_2374_1.jpg,1000,1000,Palm,801,647,896,739
IMG_2374_1.jpg,1000,1000,Palm,704,628,801,723
IMG_2374_1.jpg,1000,1000,Palm,603,630,701,722
IMG_2374_1.jpg,1000,1000,Palm,420,626,521,713
IMG_2374_1.jpg,1000,1000,Palm,302,616,407,710
IMG_2374_1.jpg,1000,1000,Palm,198,609,299,700
IMG_2374_1.jpg,1000,1000,Palm,91,605,187,690
IMG_2374_1.jpg,1000,1000,Palm,746,541,850,640
IMG_2374_1.jpg,1000,1000,Palm,651,542,741,630
IMG_2374_1.jpg,1000,1000,Palm,572,560,654,636
IMG_2374_1.jpg,1000,1000,Palm,469,545,563,628
IMG_2374_1.jpg,1000,1000,Palm,246,525,351,609
IMG_2374_1.jpg,1000,1000,Palm,128,518,224,604
IMG_2374_1.jpg,1000,1000,Palm,723,461,811,536
IMG_2374_1.jpg,1000,1000,Palm,399,447,498,539
IMG_2374_1.jpg,1000,1000,Palm,282,440,390,531
IMG_2374_1.jpg,1000,1000,Palm,168,425,273,521
IMG_2374_1.jpg,1000,1000,Palm,444,338,553,441
IMG_2374_1.jpg,1000,1000,Palm,346,346,437,433
IMG_2374_1.jpg,1000,1000,Palm,220,336,329,440
IMG_2374_1.jpg,1000,1000,Palm,104,314,219,423
IMG_2374_1.jpg,1000,1000,Palm,55,219,174,319
IMG_2374_1.jpg,1000,1000,Palm,279,239,385,334
IMG_2374_1.jpg,1000,1000,Palm,608,279,701,366
IMG_2374_1.jpg,1000,1000,Palm,736,181,829,280
IMG_2374_1.jpg,1000,1000,Palm,678,77,785,177
IMG_2374_1.jpg,1000,1000,Palm,534,159,655,274
IMG_2374_1.jpg,1000,1000,Palm,486,74,597,176
IMG_2374_1.jpg,1000,1000,Palm,540,1,651,94
IMG_2374_1.jpg,1000,1000,Palm,388,69,485,167
IMG_2374_1.jpg,1000,1000,Palm,280,74,386,180
IMG_2374_1.jpg,1000,1000,Palm,171,58,277,165
IMG_2374_1.jpg,1000,1000,Palm,27,144,147,226
IMG_2374_5.jpg,1000,1000,Palm,736,512,821,598
IMG_2374_5.jpg,1000,1000,Palm,782,431,870,517
IMG_2374_5.jpg,1000,1000,Palm,624,517,712,596
IMG_2374_5.jpg,1000,1000,Palm,540,515,619,590
IMG_2374_5.jpg,1000,1000,Palm,681,431,769,511
IMG_2374_5.jpg,1000,1000,Palm,571,435,671,519
IMG_2374_5.jpg,1000,1000,Palm,416,505,511,572
IMG_2374_5.jpg,1000,1000,Palm,295,507,395,601
IMG_2374_5.jpg,1000,1000,Palm,194,513,281,590
IMG_2374_5.jpg,1000,1000,Palm,80,504,182,578
IMG_2374_5.jpg,1000,1000,Palm,130,423,227,505
IMG_2374_5.jpg,1000,1000,Palm,234,426,346,515
IMG_2374_5.jpg,1000,1000,Palm,625,345,715,426
IMG_2374_5.jpg,1000,1000,Palm,514,355,601,439
IMG_2374_5.jpg,1000,1000,Palm,401,342,489,419
IMG_2374_5.jpg,1000,1000,Palm,290,331,395,432
IMG_2374_5.jpg,1000,1000,Palm,179,331,287,423
IMG_2374_5.jpg,1000,1000,Palm,80,325,172,409
IMG_2374_5.jpg,1000,1000,Palm,32,228,128,315
IMG_2374_5.jpg,1000,1000,Palm,134,236,234,330
IMG_2374_5.jpg,1000,1000,Palm,231,231,332,330
IMG_2374_5.jpg,1000,1000,Palm,339,242,444,331
IMG_2374_5.jpg,1000,1000,Palm,458,242,565,331
IMG_2374_5.jpg,1000,1000,Palm,625,160,722,246
IMG_2374_5.jpg,1000,1000,Palm,520,156,620,250
IMG_2374_5.jpg,1000,1000,Palm,411,158,495,241
IMG_2374_5.jpg,1000,1000,Palm,288,152,391,245
IMG_2374_5.jpg,1000,1000,Palm,192,157,271,230
IMG_2374_5.jpg,1000,1000,Palm,79,136,183,233
IMG_2374_5.jpg,1000,1000,Palm,123,57,229,147
IMG_2374_5.jpg,1000,1000,Palm,230,55,334,149
IMG_2374_5.jpg,1000,1000,Palm,351,61,450,151
IMG_2374_5.jpg,1000,1000,Palm,473,56,568,156
IMG_2374_5.jpg,1000,1000,Palm,569,80,654,161
IMG_2374_5.jpg,1000,1000,Palm,665,86,767,172
IMG_2374_5.jpg,1000,1000,Palm,869,97,951,177
IMG_2374_5.jpg,1000,1000,Palm,896,2,983,71
IMG_2374_5.jpg,1000,1000,Palm,604,1,716,85
IMG_2378_3.jpg,1000,1000,Palm,6,1,100,73
IMG_2378_3.jpg,1000,1000,Palm,80,63,165,150
IMG_2378_3.jpg,1000,1000,Palm,70,143,157,239
IMG_2378_3.jpg,1000,1000,Palm,162,41,256,139
IMG_2378_3.jpg,1000,1000,Palm,262,44,350,139
IMG_2378_3.jpg,1000,1000,Palm,350,33,440,123
IMG_2378_3.jpg,1000,1000,Palm,230,131,324,227
IMG_2378_3.jpg,1000,1000,Palm,323,122,413,221
IMG_2378_3.jpg,1000,1000,Palm,407,108,485,195
IMG_2378_3.jpg,1000,1000,Palm,522,11,601,95
IMG_2378_3.jpg,1000,1000,Palm,495,100,579,186
IMG_2378_3.jpg,1000,1000,Palm,690,56,779,141
IMG_2378_3.jpg,1000,1000,Palm,787,31,877,116
IMG_2378_3.jpg,1000,1000,Palm,766,130,853,210
IMG_2378_3.jpg,1000,1000,Palm,660,136,749,219
IMG_2378_3.jpg,1000,1000,Palm,566,171,652,247
IMG_2378_3.jpg,1000,1000,Palm,831,193,925,295
IMG_2378_3.jpg,1000,1000,Palm,736,217,830,315
IMG_2378_3.jpg,1000,1000,Palm,636,241,721,322
IMG_2378_3.jpg,1000,1000,Palm,530,254,633,350
IMG_2378_3.jpg,1000,1000,Palm,289,240,366,315
IMG_2378_3.jpg,1000,1000,Palm,696,324,791,412
IMG_2378_3.jpg,1000,1000,Palm,882,288,975,384
IMG_2378_3.jpg,1000,1000,Palm,264,331,339,395
IMG_2378_3.jpg,1000,1000,Palm,417,378,497,457
IMG_2378_3.jpg,1000,1000,Palm,253,399,328,473
IMG_2378_3.jpg,1000,1000,Palm,315,467,400,556
IMG_2378_3.jpg,1000,1000,Palm,396,477,468,548
IMG_2378_3.jpg,1000,1000,Palm,478,436,579,536
IMG_2378_3.jpg,1000,1000,Palm,370,551,466,635
IMG_2378_3.jpg,1000,1000,Palm,546,525,638,614
IMG_2378_3.jpg,1000,1000,Palm,647,506,728,579
IMG_2378_3.jpg,1000,1000,Palm,729,479,818,565
IMG_2378_3.jpg,1000,1000,Palm,823,464,908,560
IMG_2378_3.jpg,1000,1000,Palm,925,369,1000,456
IMG_2378_3.jpg,1000,1000,Palm,873,530,964,615
IMG_2378_3.jpg,1000,1000,Palm,510,612,612,694
IMG_2378_3.jpg,1000,1000,Palm,619,589,714,682
IMG_2378_3.jpg,1000,1000,Palm,707,579,790,657
IMG_2378_3.jpg,1000,1000,Palm,499,682,606,784
IMG_2378_3.jpg,1000,1000,Palm,668,664,761,755
IMG_2378_3.jpg,1000,1000,Palm,764,648,852,735
IMG_2378_3.jpg,1000,1000,Palm,853,636,946,722
IMG_2378_3.jpg,1000,1000,Palm,818,702,906,782
IMG_2378_4.jpg,1000,1000,Palm,891,890,981,965
IMG_2378_4.jpg,1000,1000,Palm,810,909,895,988
IMG_2378_4.jpg,1000,1000,Palm,744,914,822,995
IMG_2378_4.jpg,1000,1000,Palm,842,818,933,902
IMG_2378_4.jpg,1000,1000,Palm,754,845,838,916
IMG_2378_4.jpg,1000,1000,Palm,613,880,704,959
IMG_2378_4.jpg,1000,1000,Palm,737,776,816,848
IMG_2378_4.jpg,1000,1000,Palm,653,795,734,874
IMG_2378_4.jpg,1000,1000,Palm,486,826,575,902
IMG_2378_4.jpg,1000,1000,Palm,920,655,994,738
IMG_2378_4.jpg,1000,1000,Palm,841,677,915,749
IMG_2378_4.jpg,1000,1000,Palm,742,690,836,777
IMG_2378_4.jpg,1000,1000,Palm,616,727,702,802
IMG_2378_4.jpg,1000,1000,Palm,516,740,600,819
IMG_2378_4.jpg,1000,1000,Palm,877,581,964,658
IMG_2378_4.jpg,1000,1000,Palm,719,618,805,699
IMG_2378_4.jpg,1000,1000,Palm,648,634,719,712
IMG_2378_4.jpg,1000,1000,Palm,563,644,650,736
IMG_2378_4.jpg,1000,1000,Palm,467,669,558,764
IMG_2378_4.jpg,1000,1000,Palm,372,691,462,769
IMG_2378_4.jpg,1000,1000,Palm,231,641,324,728
IMG_2378_4.jpg,1000,1000,Palm,327,621,413,698
IMG_2378_4.jpg,1000,1000,Palm,417,594,500,669
IMG_2378_4.jpg,1000,1000,Palm,653,552,747,631
IMG_2378_4.jpg,1000,1000,Palm,760,514,848,605
IMG_2378_4.jpg,1000,1000,Palm,896,501,987,573
IMG_2378_4.jpg,1000,1000,Palm,174,565,264,652
IMG_2378_4.jpg,1000,1000,Palm,255,543,330,614
IMG_2378_4.jpg,1000,1000,Palm,358,519,449,602
IMG_2378_4.jpg,1000,1000,Palm,451,507,536,585
IMG_2378_4.jpg,1000,1000,Palm,531,496,618,566
IMG_2378_4.jpg,1000,1000,Palm,696,454,788,532
IMG_2378_4.jpg,1000,1000,Palm,863,431,950,509
IMG_2378_4.jpg,1000,1000,Palm,103,490,203,571
IMG_2378_4.jpg,1000,1000,Palm,201,478,289,540
IMG_2378_4.jpg,1000,1000,Palm,289,449,383,529
IMG_2378_4.jpg,1000,1000,Palm,389,430,481,515
IMG_2378_4.jpg,1000,1000,Palm,481,412,581,500
IMG_2378_4.jpg,1000,1000,Palm,505,333,582,402
IMG_2378_4.jpg,1000,1000,Palm,418,343,502,427
IMG_2378_4.jpg,1000,1000,Palm,245,384,327,456
IMG_2378_4.jpg,1000,1000,Palm,161,402,250,476
IMG_2378_4.jpg,1000,1000,Palm,65,425,141,497
IMG_2378_4.jpg,1000,1000,Palm,13,344,99,427
IMG_2378_4.jpg,1000,1000,Palm,181,308,278,391
IMG_2378_4.jpg,1000,1000,Palm,358,280,445,355
IMG_2378_4.jpg,1000,1000,Palm,457,254,541,328
IMG_2378_4.jpg,1000,1000,Palm,536,238,619,317
IMG_2378_4.jpg,1000,1000,Palm,746,357,822,441
IMG_2378_4.jpg,1000,1000,Palm,821,356,884,429
IMG_2378_4.jpg,1000,1000,Palm,887,342,971,419
IMG_2378_4.jpg,1000,1000,Palm,857,251,941,334
IMG_2378_4.jpg,1000,1000,Palm,768,280,854,352
IMG_2378_4.jpg,1000,1000,Palm,673,295,762,371
IMG_2378_4.jpg,1000,1000,Palm,629,216,710,297
IMG_2378_4.jpg,1000,1000,Palm,714,193,787,272
IMG_2378_4.jpg,1000,1000,Palm,875,169,969,243
IMG_2378_4.jpg,1000,1000,Palm,832,99,906,176
IMG_2378_4.jpg,1000,1000,Palm,745,106,829,192
IMG_2378_4.jpg,1000,1000,Palm,662,126,742,202
IMG_2378_4.jpg,1000,1000,Palm,575,136,662,226
IMG_2378_4.jpg,1000,1000,Palm,490,163,566,240
IMG_2378_4.jpg,1000,1000,Palm,394,173,485,257
IMG_2378_4.jpg,1000,1000,Palm,305,199,394,284
IMG_2378_4.jpg,1000,1000,Palm,220,218,301,297
IMG_2378_4.jpg,1000,1000,Palm,125,228,216,318
IMG_2378_4.jpg,1000,1000,Palm,73,163,157,249
IMG_2378_4.jpg,1000,1000,Palm,862,9,948,93
IMG_2378_4.jpg,1000,1000,Palm,785,23,866,100
IMG_2378_4.jpg,1000,1000,Palm,703,33,783,112
IMG_2378_4.jpg,1000,1000,Palm,615,51,707,133
IMG_2378_4.jpg,1000,1000,Palm,513,73,606,150
IMG_2378_4.jpg,1000,1000,Palm,429,85,519,171
IMG_2378_4.jpg,1000,1000,Palm,338,108,430,191
IMG_2378_4.jpg,1000,1000,Palm,187,57,278,141
IMG_2378_4.jpg,1000,1000,Palm,286,34,368,115
IMG_2378_4.jpg,1000,1000,Palm,377,16,449,85
IMG_2378_4.jpg,1000,1000,Palm,461,1,547,79
IMG_2378_4.jpg,1000,1000,Palm,22,96,100,174
IMG_2378_4.jpg,1000,1000,Palm,53,1,134,76
IMG_2378_8.jpg,1000,1000,Palm,431,4,513,88
IMG_2378_8.jpg,1000,1000,Palm,486,66,562,141
IMG_2378_8.jpg,1000,1000,Palm,565,52,635,115
IMG_2378_8.jpg,1000,1000,Palm,645,24,721,94
IMG_2378_8.jpg,1000,1000,Palm,713,10,791,79
IMG_2378_8.jpg,1000,1000,Palm,785,1,854,68
IMG_2378_8.jpg,1000,1000,Palm,889,40,983,117
IMG_2378_8.jpg,1000,1000,Palm,803,65,875,127
IMG_2378_8.jpg,1000,1000,Palm,749,88,815,148
IMG_2378_8.jpg,1000,1000,Palm,689,95,758,165
IMG_2378_8.jpg,1000,1000,Palm,625,113,698,184
IMG_2378_8.jpg,1000,1000,Palm,847,115,921,182
IMG_2378_8.jpg,1000,1000,Palm,830,196,904,265
IMG_2378_8.jpg,1000,1000,Palm,740,213,834,288
IMG_2378_8.jpg,1000,1000,Palm,665,236,753,311
IMG_2378_8.jpg,1000,1000,Palm,493,231,580,305
IMG_2378_8.jpg,1000,1000,Palm,544,271,630,349
IMG_2378_8.jpg,1000,1000,Palm,569,340,655,414
IMG_2378_8.jpg,1000,1000,Palm,716,302,796,374
IMG_2378_8.jpg,1000,1000,Palm,790,276,886,352
IMG_2378_8.jpg,1000,1000,Palm,936,364,1000,447
IMG_2378_8.jpg,1000,1000,Palm,856,390,933,464
IMG_2378_8.jpg,1000,1000,Palm,752,363,837,430
IMG_2378_8.jpg,1000,1000,Palm,777,419,857,493
IMG_2378_8.jpg,1000,1000,Palm,594,476,669,547
IMG_2378_8.jpg,1000,1000,Palm,745,563,814,627
IMG_2392_12.jpg,1000,1000,Palm,123,2,212,80
IMG_2392_12.jpg,1000,1000,Palm,31,117,114,198
IMG_2392_12.jpg,1000,1000,Palm,105,77,187,157
IMG_2392_12.jpg,1000,1000,Palm,12,212,98,295
IMG_2392_12.jpg,1000,1000,Palm,6,301,86,376
IMG_2392_12.jpg,1000,1000,Palm,94,168,183,259
IMG_2392_12.jpg,1000,1000,Palm,175,136,249,213
IMG_2392_12.jpg,1000,1000,Palm,187,51,268,133
IMG_2392_12.jpg,1000,1000,Palm,263,1,353,92
IMG_2392_12.jpg,1000,1000,Palm,334,55,417,141
IMG_2392_12.jpg,1000,1000,Palm,251,100,336,184
IMG_2392_12.jpg,1000,1000,Palm,327,145,396,212
IMG_2392_12.jpg,1000,1000,Palm,235,189,313,266
IMG_2392_12.jpg,1000,1000,Palm,3,388,69,476
IMG_2392_12.jpg,1000,1000,Palm,62,359,141,432
IMG_2392_12.jpg,1000,1000,Palm,137,313,220,396
IMG_2392_12.jpg,1000,1000,Palm,215,279,306,365
IMG_2392_12.jpg,1000,1000,Palm,301,243,387,333
IMG_2392_12.jpg,1000,1000,Palm,375,197,450,278
IMG_2392_12.jpg,1000,1000,Palm,444,164,522,244
IMG_2392_12.jpg,1000,1000,Palm,517,125,611,217
IMG_2392_12.jpg,1000,1000,Palm,522,42,628,135
IMG_2392_12.jpg,1000,1000,Palm,663,63,742,134
IMG_2392_12.jpg,1000,1000,Palm,748,35,825,110
IMG_2392_12.jpg,1000,1000,Palm,817,4,894,71
IMG_2392_12.jpg,1000,1000,Palm,805,79,887,164
IMG_2392_12.jpg,1000,1000,Palm,728,115,812,193
IMG_2392_12.jpg,1000,1000,Palm,588,182,687,274
IMG_2392_12.jpg,1000,1000,Palm,506,228,595,308
IMG_2392_12.jpg,1000,1000,Palm,205,375,285,457
IMG_2392_12.jpg,1000,1000,Palm,128,407,206,482
IMG_2392_12.jpg,1000,1000,Palm,36,447,116,529
IMG_2392_12.jpg,1000,1000,Palm,20,523,107,615
IMG_2392_12.jpg,1000,1000,Palm,102,499,183,573
IMG_2392_12.jpg,1000,1000,Palm,186,471,258,533
IMG_2392_12.jpg,1000,1000,Palm,255,417,346,501
IMG_2392_12.jpg,1000,1000,Palm,4,621,82,692
IMG_2392_12.jpg,1000,1000,Palm,3,698,86,796
IMG_2392_12.jpg,1000,1000,Palm,73,663,157,761
IMG_2392_12.jpg,1000,1000,Palm,153,644,218,707
IMG_2392_12.jpg,1000,1000,Palm,161,550,249,629
IMG_2392_12.jpg,1000,1000,Palm,222,592,316,683
IMG_2392_12.jpg,1000,1000,Palm,249,501,335,583
IMG_2392_12.jpg,1000,1000,Palm,335,474,407,542
IMG_2392_12.jpg,1000,1000,Palm,408,359,503,444
IMG_2392_12.jpg,1000,1000,Palm,481,305,572,386
IMG_2392_12.jpg,1000,1000,Palm,563,271,660,355
IMG_2392_12.jpg,1000,1000,Palm,658,238,732,317
IMG_2392_12.jpg,1000,1000,Palm,720,198,801,283
IMG_2392_12.jpg,1000,1000,Palm,795,163,875,243
IMG_2392_12.jpg,1000,1000,Palm,916,178,995,267
IMG_2392_12.jpg,1000,1000,Palm,851,223,930,299
IMG_2392_12.jpg,1000,1000,Palm,902,274,981,354
IMG_2392_12.jpg,1000,1000,Palm,819,306,900,383
IMG_2392_12.jpg,1000,1000,Palm,746,347,820,422
IMG_2392_12.jpg,1000,1000,Palm,564,359,646,436
IMG_2392_12.jpg,1000,1000,Palm,455,471,550,563
IMG_2392_12.jpg,1000,1000,Palm,373,524,465,615
IMG_2392_12.jpg,1000,1000,Palm,441,592,518,662
IMG_2392_12.jpg,1000,1000,Palm,213,690,300,774
IMG_2392_12.jpg,1000,1000,Palm,137,733,207,804
IMG_2392_12.jpg,1000,1000,Palm,94,891,192,984
IMG_2392_12.jpg,1000,1000,Palm,231,902,322,996
IMG_2392_12.jpg,1000,1000,Palm,275,731,363,821
IMG_2392_12.jpg,1000,1000,Palm,349,701,421,775
IMG_2392_12.jpg,1000,1000,Palm,406,749,490,834
IMG_2392_12.jpg,1000,1000,Palm,396,834,488,931
IMG_2392_12.jpg,1000,1000,Palm,421,662,497,739
IMG_2392_12.jpg,1000,1000,Palm,486,723,566,798
IMG_2392_12.jpg,1000,1000,Palm,544,771,628,845
IMG_2392_12.jpg,1000,1000,Palm,585,898,678,981
IMG_2392_12.jpg,1000,1000,Palm,569,596,662,677
IMG_2392_12.jpg,1000,1000,Palm,653,460,739,549
IMG_2392_12.jpg,1000,1000,Palm,696,893,778,976
IMG_2392_12.jpg,1000,1000,Palm,766,847,848,936
IMG_2392_12.jpg,1000,1000,Palm,873,845,950,928
IMG_2392_12.jpg,1000,1000,Palm,696,601,774,674
IMG_2392_12.jpg,1000,1000,Palm,717,522,795,593
IMG_2392_12.jpg,1000,1000,Palm,778,571,855,642
IMG_2392_12.jpg,1000,1000,Palm,862,649,945,724
IMG_2392_12.jpg,1000,1000,Palm,790,482,877,567
IMG_2392_12.jpg,1000,1000,Palm,805,402,889,482
IMG_2392_3.jpg,1000,1000,Palm,174,54,264,154
IMG_2392_3.jpg,1000,1000,Palm,278,34,362,110
IMG_2392_3.jpg,1000,1000,Palm,382,1,469,81
IMG_2392_3.jpg,1000,1000,Palm,158,162,249,256
IMG_2392_3.jpg,1000,1000,Palm,254,119,363,229
IMG_2392_3.jpg,1000,1000,Palm,129,269,232,371
IMG_2392_3.jpg,1000,1000,Palm,238,240,330,335
IMG_2392_3.jpg,1000,1000,Palm,328,206,419,302
IMG_2392_3.jpg,1000,1000,Palm,432,174,521,269
IMG_2392_3.jpg,1000,1000,Palm,120,391,206,469
IMG_2392_3.jpg,1000,1000,Palm,213,339,317,441
IMG_2392_3.jpg,1000,1000,Palm,313,314,411,412
IMG_2392_3.jpg,1000,1000,Palm,408,276,511,376
IMG_2392_3.jpg,1000,1000,Palm,97,484,198,580
IMG_2392_3.jpg,1000,1000,Palm,197,441,290,542
IMG_2392_3.jpg,1000,1000,Palm,289,422,387,517
IMG_2392_3.jpg,1000,1000,Palm,386,385,485,486
IMG_2392_3.jpg,1000,1000,Palm,480,357,583,456
IMG_2392_3.jpg,1000,1000,Palm,183,566,264,646
IMG_2392_3.jpg,1000,1000,Palm,275,540,356,616
IMG_2392_3.jpg,1000,1000,Palm,379,517,456,590
IMG_2392_3.jpg,1000,1000,Palm,464,459,556,549
IMG_2392_3.jpg,1000,1000,Palm,558,430,656,521
IMG_2392_3.jpg,1000,1000,Palm,546,32,640,135
IMG_2392_3.jpg,1000,1000,Palm,644,11,740,102
IMG_2392_3.jpg,1000,1000,Palm,615,107,718,210
IMG_2392_3.jpg,1000,1000,Palm,718,72,816,176
IMG_2392_3.jpg,1000,1000,Palm,810,43,901,144
IMG_2392_3.jpg,1000,1000,Palm,902,7,997,112
IMG_2392_3.jpg,1000,1000,Palm,889,117,987,218
IMG_2392_3.jpg,1000,1000,Palm,789,150,889,242
IMG_2392_3.jpg,1000,1000,Palm,699,195,780,268
IMG_2392_3.jpg,1000,1000,Palm,606,212,696,308
IMG_2392_3.jpg,1000,1000,Palm,667,289,766,392
IMG_2392_3.jpg,1000,1000,Palm,767,248,863,357
IMG_2392_3.jpg,1000,1000,Palm,860,223,957,328
IMG_2392_3.jpg,1000,1000,Palm,923,296,1000,396
IMG_2392_3.jpg,1000,1000,Palm,830,330,925,433
IMG_2392_3.jpg,1000,1000,Palm,747,366,837,450
IMG_2392_3.jpg,1000,1000,Palm,903,401,1000,498
IMG_2392_3.jpg,1000,1000,Palm,723,468,818,565
IMG_2392_3.jpg,1000,1000,Palm,535,552,617,634
IMG_2392_3.jpg,1000,1000,Palm,448,578,531,659
IMG_2392_3.jpg,1000,1000,Palm,352,615,434,689
IMG_2392_3.jpg,1000,1000,Palm,255,634,348,723
IMG_2392_3.jpg,1000,1000,Palm,156,668,253,758
IMG_2392_3.jpg,1000,1000,Palm,888,511,977,602
IMG_2392_3.jpg,1000,1000,Palm,802,548,883,625
IMG_2392_3.jpg,1000,1000,Palm,705,574,795,665
IMG_2392_3.jpg,1000,1000,Palm,613,609,700,690
IMG_2392_3.jpg,1000,1000,Palm,413,668,521,767
IMG_2392_3.jpg,1000,1000,Palm,336,707,418,794
IMG_2392_3.jpg,1000,1000,Palm,231,735,337,839
IMG_2392_3.jpg,1000,1000,Palm,141,777,222,858
IMG_2392_3.jpg,1000,1000,Palm,124,873,212,973
IMG_2392_3.jpg,1000,1000,Palm,217,845,310,932
IMG_2392_3.jpg,1000,1000,Palm,310,810,400,908
IMG_2392_3.jpg,1000,1000,Palm,401,783,487,862
IMG_2392_3.jpg,1000,1000,Palm,584,704,685,801
IMG_2392_3.jpg,1000,1000,Palm,677,669,782,779
IMG_2392_3.jpg,1000,1000,Palm,778,647,862,734
IMG_2392_3.jpg,1000,1000,Palm,868,615,949,697
IMG_2392_3.jpg,1000,1000,Palm,849,702,942,804
IMG_2392_3.jpg,1000,1000,Palm,754,745,845,829
IMG_2392_3.jpg,1000,1000,Palm,663,782,746,861
IMG_2392_3.jpg,1000,1000,Palm,564,799,660,881
IMG_2392_3.jpg,1000,1000,Palm,476,835,579,939
IMG_2392_3.jpg,1000,1000,Palm,386,871,475,968
IMG_2392_3.jpg,1000,1000,Palm,296,918,377,997
IMG_2392_3.jpg,1000,1000,Palm,558,919,638,994
IMG_2392_3.jpg,1000,1000,Palm,729,838,829,933
IMG_2392_3.jpg,1000,1000,Palm,921,795,987,869
IMG_2392_3.jpg,1000,1000,Palm,884,873,982,978
IMG_2392_3.jpg,1000,1000,Palm,800,921,881,995
IMG_2392_4.jpg,1000,1000,Palm,55,57,157,155
IMG_2392_4.jpg,1000,1000,Palm,156,33,231,129
IMG_2392_4.jpg,1000,1000,Palm,237,6,327,98
IMG_2392_4.jpg,1000,1000,Palm,36,164,140,261
IMG_2392_4.jpg,1000,1000,Palm,132,143,207,225
IMG_2392_4.jpg,1000,1000,Palm,216,119,292,199
IMG_2392_4.jpg,1000,1000,Palm,298,95,377,172
IMG_2392_4.jpg,1000,1000,Palm,382,54,477,144
IMG_2392_4.jpg,1000,1000,Palm,478,24,555,113
IMG_2392_4.jpg,1000,1000,Palm,551,2,652,91
IMG_2392_4.jpg,1000,1000,Palm,15,272,101,367
IMG_2392_4.jpg,1000,1000,Palm,99,245,186,327
IMG_2392_4.jpg,1000,1000,Palm,192,211,286,307
IMG_2392_4.jpg,1000,1000,Palm,279,186,363,273
IMG_2392_4.jpg,1000,1000,Palm,357,146,460,244
IMG_2392_4.jpg,1000,1000,Palm,452,124,537,217
IMG_2392_4.jpg,1000,1000,Palm,530,96,611,186
IMG_2392_4.jpg,1000,1000,Palm,690,44,784,133
IMG_2392_4.jpg,1000,1000,Palm,169,319,253,397
IMG_2392_4.jpg,1000,1000,Palm,248,286,340,372
IMG_2392_4.jpg,1000,1000,Palm,332,248,435,347
IMG_2392_4.jpg,1000,1000,Palm,429,221,522,313
IMG_2392_4.jpg,1000,1000,Palm,513,199,603,280
IMG_2392_4.jpg,1000,1000,Palm,589,167,672,263
IMG_2392_4.jpg,1000,1000,Palm,58,445,151,534
IMG_2392_4.jpg,1000,1000,Palm,148,431,225,505
IMG_2392_4.jpg,1000,1000,Palm,317,361,407,450
IMG_2392_4.jpg,1000,1000,Palm,406,332,485,413
IMG_2392_4.jpg,1000,1000,Palm,485,289,571,381
IMG_2392_4.jpg,1000,1000,Palm,49,556,117,634
IMG_2392_4.jpg,1000,1000,Palm,121,516,206,605
IMG_2392_4.jpg,1000,1000,Palm,216,497,289,562
IMG_2392_4.jpg,1000,1000,Palm,286,451,386,549
IMG_2392_4.jpg,1000,1000,Palm,379,441,458,519
IMG_2392_4.jpg,1000,1000,Palm,535,370,620,458
IMG_2392_4.jpg,1000,1000,Palm,21,648,104,733
IMG_2392_4.jpg,1000,1000,Palm,107,616,196,709
IMG_2392_4.jpg,1000,1000,Palm,187,584,271,675
IMG_2392_4.jpg,1000,1000,Palm,266,561,350,643
IMG_2392_4.jpg,1000,1000,Palm,355,527,449,619
IMG_2392_4.jpg,1000,1000,Palm,433,496,529,592
IMG_2392_4.jpg,1000,1000,Palm,5,751,80,825
IMG_2392_4.jpg,1000,1000,Palm,78,714,164,805
IMG_2392_4.jpg,1000,1000,Palm,166,681,253,778
IMG_2392_4.jpg,1000,1000,Palm,253,648,333,733
IMG_2392_4.jpg,1000,1000,Palm,328,624,414,706
IMG_2392_4.jpg,1000,1000,Palm,65,813,155,901
IMG_2392_4.jpg,1000,1000,Palm,145,785,237,867
IMG_2392_4.jpg,1000,1000,Palm,306,727,384,801
IMG_2392_4.jpg,1000,1000,Palm,391,695,465,767
IMG_2392_4.jpg,1000,1000,Palm,470,661,551,743
IMG_2392_4.jpg,1000,1000,Palm,41,917,116,996
IMG_2392_4.jpg,1000,1000,Palm,117,878,210,971
IMG_2392_4.jpg,1000,1000,Palm,216,855,289,934
IMG_2392_4.jpg,1000,1000,Palm,262,922,334,991
IMG_2392_4.jpg,1000,1000,Palm,333,884,421,969
IMG_2392_4.jpg,1000,1000,Palm,419,848,505,938
IMG_2392_4.jpg,1000,1000,Palm,478,917,552,996
IMG_2392_4.jpg,1000,1000,Palm,550,884,634,969
IMG_2392_4.jpg,1000,1000,Palm,496,824,579,902
IMG_2392_4.jpg,1000,1000,Palm,445,755,531,843
IMG_2392_4.jpg,1000,1000,Palm,628,849,715,949
IMG_2392_4.jpg,1000,1000,Palm,574,793,661,881
IMG_2392_4.jpg,1000,1000,Palm,523,732,595,799
IMG_2392_4.jpg,1000,1000,Palm,695,823,783,908
IMG_2392_4.jpg,1000,1000,Palm,645,761,735,842
IMG_2392_4.jpg,1000,1000,Palm,895,833,969,910
IMG_2392_4.jpg,1000,1000,Palm,829,768,908,847
IMG_2392_4.jpg,1000,1000,Palm,792,706,864,782
IMG_2392_4.jpg,1000,1000,Palm,684,666,768,758
IMG_2392_4.jpg,1000,1000,Palm,620,606,708,689
IMG_2392_4.jpg,1000,1000,Palm,574,544,651,624
IMG_2392_4.jpg,1000,1000,Palm,524,460,615,542
IMG_2392_4.jpg,1000,1000,Palm,911,748,984,821
IMG_2392_4.jpg,1000,1000,Palm,870,668,949,749
IMG_2392_4.jpg,1000,1000,Palm,769,638,845,716
IMG_2392_4.jpg,1000,1000,Palm,704,566,794,658
IMG_2392_4.jpg,1000,1000,Palm,642,510,721,590
IMG_2392_4.jpg,1000,1000,Palm,600,443,677,519
IMG_2392_4.jpg,1000,1000,Palm,728,490,796,560
IMG_2392_4.jpg,1000,1000,Palm,669,417,746,497
IMG_2392_4.jpg,1000,1000,Palm,619,349,700,429
IMG_2392_4.jpg,1000,1000,Palm,566,272,651,355
IMG_2392_4.jpg,1000,1000,Palm,877,583,960,660
IMG_2392_4.jpg,1000,1000,Palm,847,523,923,607
IMG_2392_4.jpg,1000,1000,Palm,800,455,873,527
IMG_2392_4.jpg,1000,1000,Palm,747,383,828,458
IMG_2392_4.jpg,1000,1000,Palm,699,315,774,402
IMG_2392_8.jpg,1000,1000,Palm,15,13,94,94
IMG_2392_8.jpg,1000,1000,Palm,4,113,89,188
IMG_2392_8.jpg,1000,1000,Palm,104,2,184,61
IMG_2392_8.jpg,1000,1000,Palm,85,85,150,149
IMG_2392_8.jpg,1000,1000,Palm,156,46,245,128
IMG_2392_8.jpg,1000,1000,Palm,242,10,324,92
IMG_2392_8.jpg,1000,1000,Palm,325,5,396,64
IMG_2392_8.jpg,1000,1000,Palm,58,173,145,257
IMG_2392_8.jpg,1000,1000,Palm,144,139,230,222
IMG_2392_8.jpg,1000,1000,Palm,221,101,296,186
IMG_2392_8.jpg,1000,1000,Palm,296,77,375,154
IMG_2392_8.jpg,1000,1000,Palm,380,39,468,129
IMG_2392_8.jpg,1000,1000,Palm,36,259,123,347
IMG_2392_8.jpg,1000,1000,Palm,119,234,203,314
IMG_2392_8.jpg,1000,1000,Palm,204,206,281,290
IMG_2392_8.jpg,1000,1000,Palm,289,169,352,239
IMG_2392_8.jpg,1000,1000,Palm,347,136,435,218
IMG_2392_8.jpg,1000,1000,Palm,437,109,511,182
IMG_2392_8.jpg,1000,1000,Palm,503,72,580,151
IMG_2392_8.jpg,1000,1000,Palm,585,52,652,121
IMG_2392_8.jpg,1000,1000,Palm,644,10,730,91
IMG_2392_8.jpg,1000,1000,Palm,636,108,703,171
IMG_2392_8.jpg,1000,1000,Palm,698,84,771,151
IMG_2392_8.jpg,1000,1000,Palm,768,46,844,121
IMG_2392_8.jpg,1000,1000,Palm,835,12,920,89
IMG_2392_8.jpg,1000,1000,Palm,814,110,883,177
IMG_2392_8.jpg,1000,1000,Palm,739,138,806,198
IMG_2392_8.jpg,1000,1000,Palm,616,195,689,266
IMG_2392_8.jpg,1000,1000,Palm,21,357,116,440
IMG_2392_8.jpg,1000,1000,Palm,113,327,189,407
IMG_2392_8.jpg,1000,1000,Palm,262,272,340,342
IMG_2392_8.jpg,1000,1000,Palm,335,234,414,309
IMG_2392_8.jpg,1000,1000,Palm,415,205,499,285
IMG_2392_8.jpg,1000,1000,Palm,86,419,174,502
IMG_2392_8.jpg,1000,1000,Palm,170,380,237,462
IMG_2392_8.jpg,1000,1000,Palm,238,344,331,439
IMG_2392_8.jpg,1000,1000,Palm,324,317,398,400
IMG_2392_8.jpg,1000,1000,Palm,392,284,487,376
IMG_2392_8.jpg,1000,1000,Palm,480,254,551,328
IMG_2392_8.jpg,1000,1000,Palm,2,547,68,626
IMG_2392_8.jpg,1000,1000,Palm,65,510,146,592
IMG_2392_8.jpg,1000,1000,Palm,139,475,230,564
IMG_2392_8.jpg,1000,1000,Palm,386,382,471,462
IMG_2392_8.jpg,1000,1000,Palm,528,318,608,394
IMG_2392_8.jpg,1000,1000,Palm,614,288,686,363
IMG_2392_8.jpg,1000,1000,Palm,46,609,132,693
IMG_2392_8.jpg,1000,1000,Palm,131,566,211,650
IMG_2392_8.jpg,1000,1000,Palm,277,492,371,586
IMG_2392_8.jpg,1000,1000,Palm,28,693,113,778
IMG_2392_8.jpg,1000,1000,Palm,114,665,198,747
IMG_2392_8.jpg,1000,1000,Palm,201,633,273,707
IMG_2392_8.jpg,1000,1000,Palm,216,544,283,615
IMG_2392_8.jpg,1000,1000,Palm,273,596,355,679
IMG_2392_8.jpg,1000,1000,Palm,372,466,450,551
IMG_2392_8.jpg,1000,1000,Palm,450,439,529,512
IMG_2392_8.jpg,1000,1000,Palm,437,526,510,604
IMG_2392_8.jpg,1000,1000,Palm,518,502,592,574
IMG_2392_8.jpg,1000,1000,Palm,525,401,603,480
IMG_2392_8.jpg,1000,1000,Palm,582,471,656,543
IMG_2392_8.jpg,1000,1000,Palm,707,401,784,475
IMG_2392_8.jpg,1000,1000,Palm,706,480,783,562
IMG_2392_8.jpg,1000,1000,Palm,632,521,722,608
IMG_2392_8.jpg,1000,1000,Palm,495,583,574,661
IMG_2392_8.jpg,1000,1000,Palm,474,669,556,745
IMG_2392_8.jpg,1000,1000,Palm,253,686,333,760
IMG_2392_8.jpg,1000,1000,Palm,94,752,175,839
IMG_2392_8.jpg,1000,1000,Palm,12,791,95,869
IMG_2392_8.jpg,1000,1000,Palm,2,872,91,973
IMG_2392_8.jpg,1000,1000,Palm,63,939,147,1000
IMG_2392_8.jpg,1000,1000,Palm,137,896,212,975
IMG_2392_8.jpg,1000,1000,Palm,158,818,237,889
IMG_2392_8.jpg,1000,1000,Palm,221,868,308,947
IMG_2392_8.jpg,1000,1000,Palm,286,923,363,985
IMG_2392_8.jpg,1000,1000,Palm,234,774,325,867
IMG_2392_8.jpg,1000,1000,Palm,325,747,399,823
IMG_2392_8.jpg,1000,1000,Palm,492,901,581,982
IMG_2392_8.jpg,1000,1000,Palm,433,847,507,927
IMG_2392_8.jpg,1000,1000,Palm,384,795,455,869
IMG_2392_8.jpg,1000,1000,Palm,397,715,472,786
IMG_2392_8.jpg,1000,1000,Palm,455,764,528,841
IMG_2392_8.jpg,1000,1000,Palm,513,818,602,896
IMG_2392_8.jpg,1000,1000,Palm,621,928,702,991
IMG_2392_8.jpg,1000,1000,Palm,699,879,784,967
IMG_2392_8.jpg,1000,1000,Palm,640,843,717,918
IMG_2392_8.jpg,1000,1000,Palm,592,764,678,852
IMG_2392_8.jpg,1000,1000,Palm,822,908,903,985
IMG_2392_8.jpg,1000,1000,Palm,768,844,851,931
IMG_2392_8.jpg,1000,1000,Palm,833,815,910,892
IMG_2392_8.jpg,1000,1000,Palm,717,712,792,788
IMG_2392_8.jpg,1000,1000,Palm,851,731,935,815
IMG_2392_8.jpg,1000,1000,Palm,791,680,867,755
IMG_2392_8.jpg,1000,1000,Palm,740,621,823,701
IMG_2392_8.jpg,1000,1000,Palm,802,585,881,665
IMG_2392_8.jpg,1000,1000,Palm,857,551,937,635
IMG_2395_1.jpg,1000,1000,Palm,50,1,149,102
IMG_2395_1.jpg,1000,1000,Palm,139,96,239,197
IMG_2395_1.jpg,1000,1000,Palm,104,201,214,317
IMG_2395_1.jpg,1000,1000,Palm,249,68,352,164
IMG_2395_1.jpg,1000,1000,Palm,738,15,851,129
IMG_2395_1.jpg,1000,1000,Palm,861,9,961,102
IMG_2395_1.jpg,1000,1000,Palm,532,78,641,182
IMG_2395_1.jpg,1000,1000,Palm,605,157,708,271
IMG_2395_1.jpg,1000,1000,Palm,720,143,824,249
IMG_2395_1.jpg,1000,1000,Palm,501,198,608,301
IMG_2395_1.jpg,1000,1000,Palm,394,218,506,335
IMG_2395_1.jpg,1000,1000,Palm,332,147,435,243
IMG_2395_1.jpg,1000,1000,Palm,360,334,477,443
IMG_2395_1.jpg,1000,1000,Palm,689,256,794,358
IMG_2395_1.jpg,1000,1000,Palm,804,225,915,329
IMG_2395_1.jpg,1000,1000,Palm,899,322,988,415
IMG_2395_1.jpg,1000,1000,Palm,779,326,891,449
IMG_2395_1.jpg,1000,1000,Palm,660,354,785,477
IMG_2395_1.jpg,1000,1000,Palm,560,397,656,489
IMG_2395_1.jpg,1000,1000,Palm,456,423,555,509
IMG_2395_1.jpg,1000,1000,Palm,351,455,441,534
IMG_2395_1.jpg,1000,1000,Palm,250,490,335,569
IMG_2395_1.jpg,1000,1000,Palm,136,502,237,605
IMG_2395_1.jpg,1000,1000,Palm,106,609,208,715
IMG_2395_1.jpg,1000,1000,Palm,208,576,321,689
IMG_2395_1.jpg,1000,1000,Palm,85,719,175,815
IMG_2395_1.jpg,1000,1000,Palm,73,838,149,925
IMG_2395_1.jpg,1000,1000,Palm,123,901,231,997
IMG_2395_1.jpg,1000,1000,Palm,152,799,267,899
IMG_2395_1.jpg,1000,1000,Palm,191,700,297,795
IMG_2395_1.jpg,1000,1000,Palm,289,669,397,775
IMG_2395_1.jpg,1000,1000,Palm,265,776,367,883
IMG_2395_1.jpg,1000,1000,Palm,240,880,344,988
IMG_2395_1.jpg,1000,1000,Palm,345,857,453,963
IMG_2395_1.jpg,1000,1000,Palm,533,910,635,996
IMG_2395_1.jpg,1000,1000,Palm,446,828,554,930
IMG_2395_1.jpg,1000,1000,Palm,368,746,477,852
IMG_2395_1.jpg,1000,1000,Palm,753,867,853,957
IMG_2395_1.jpg,1000,1000,Palm,661,780,767,877
IMG_2395_1.jpg,1000,1000,Palm,573,684,682,788
IMG_2395_1.jpg,1000,1000,Palm,849,836,958,936
IMG_2395_1.jpg,1000,1000,Palm,763,748,878,856
IMG_2395_1.jpg,1000,1000,Palm,715,688,790,766
IMG_2395_1.jpg,1000,1000,Palm,606,582,712,696
IMG_2395_1.jpg,1000,1000,Palm,534,504,638,607
IMG_2395_1.jpg,1000,1000,Palm,878,721,995,832
IMG_2395_1.jpg,1000,1000,Palm,799,645,902,751
IMG_2395_1.jpg,1000,1000,Palm,712,556,838,671
IMG_2395_1.jpg,1000,1000,Palm,650,489,756,588
IMG_2395_1.jpg,1000,1000,Palm,905,607,1000,717
IMG_2395_1.jpg,1000,1000,Palm,834,531,947,634
IMG_2395_1.jpg,1000,1000,Palm,863,428,967,528
IMG_2395_1.jpg,1000,1000,Palm,760,463,851,549
IMG_2395_11.jpg,1000,1000,Palm,56,56,138,129
IMG_2395_11.jpg,1000,1000,Palm,162,25,231,96
IMG_2395_11.jpg,1000,1000,Palm,29,149,117,233
IMG_2395_11.jpg,1000,1000,Palm,120,116,200,201
IMG_2395_11.jpg,1000,1000,Palm,216,92,300,167
IMG_2395_11.jpg,1000,1000,Palm,57,299,160,394
IMG_2395_11.jpg,1000,1000,Palm,149,263,242,356
IMG_2395_11.jpg,1000,1000,Palm,190,181,267,254
IMG_2395_11.jpg,1000,1000,Palm,286,161,363,236
IMG_2395_11.jpg,1000,1000,Palm,40,399,129,484
IMG_2395_11.jpg,1000,1000,Palm,135,380,217,461
IMG_2395_11.jpg,1000,1000,Palm,94,476,196,573
IMG_2395_11.jpg,1000,1000,Palm,79,571,165,654
IMG_2395_11.jpg,1000,1000,Palm,46,664,139,759
IMG_2395_11.jpg,1000,1000,Palm,25,763,120,852
IMG_2395_11.jpg,1000,1000,Palm,2,866,96,964
IMG_2395_11.jpg,1000,1000,Palm,97,841,184,922
IMG_2395_11.jpg,1000,1000,Palm,172,912,251,983
IMG_2395_11.jpg,1000,1000,Palm,251,882,353,980
IMG_2395_11.jpg,1000,1000,Palm,186,815,281,908
IMG_2395_11.jpg,1000,1000,Palm,121,744,212,833
IMG_2395_11.jpg,1000,1000,Palm,151,647,234,735
IMG_2395_11.jpg,1000,1000,Palm,247,251,342,344
IMG_2395_11.jpg,1000,1000,Palm,351,229,432,305
IMG_2395_11.jpg,1000,1000,Palm,469,113,546,184
IMG_2395_11.jpg,1000,1000,Palm,536,182,605,249
IMG_2395_11.jpg,1000,1000,Palm,497,266,587,348
IMG_2395_11.jpg,1000,1000,Palm,415,286,501,374
IMG_2395_11.jpg,1000,1000,Palm,321,330,401,396
IMG_2395_11.jpg,1000,1000,Palm,236,358,316,430
IMG_2395_11.jpg,1000,1000,Palm,196,450,285,535
IMG_2395_11.jpg,1000,1000,Palm,266,522,364,608
IMG_2395_11.jpg,1000,1000,Palm,236,608,337,699
IMG_2395_11.jpg,1000,1000,Palm,301,428,386,502
IMG_2395_11.jpg,1000,1000,Palm,389,381,480,469
IMG_2395_11.jpg,1000,1000,Palm,366,490,452,570
IMG_2395_11.jpg,1000,1000,Palm,342,584,427,671
IMG_2395_11.jpg,1000,1000,Palm,311,684,396,775
IMG_2395_11.jpg,1000,1000,Palm,360,857,442,939
IMG_2395_11.jpg,1000,1000,Palm,444,832,545,924
IMG_2395_11.jpg,1000,1000,Palm,377,754,469,840
IMG_2395_11.jpg,1000,1000,Palm,471,730,558,806
IMG_2395_11.jpg,1000,1000,Palm,408,662,499,743
IMG_2395_11.jpg,1000,1000,Palm,525,883,620,972
IMG_2395_11.jpg,1000,1000,Palm,713,850,801,934
IMG_2395_11.jpg,1000,1000,Palm,863,901,956,984
IMG_2395_11.jpg,1000,1000,Palm,885,789,965,871
IMG_2395_11.jpg,1000,1000,Palm,794,808,880,899
IMG_2395_11.jpg,1000,1000,Palm,717,746,813,827
IMG_2395_11.jpg,1000,1000,Palm,640,779,717,847
IMG_2395_11.jpg,1000,1000,Palm,810,718,907,800
IMG_2395_11.jpg,1000,1000,Palm,660,658,741,742
IMG_2395_11.jpg,1000,1000,Palm,428,558,519,649
IMG_2395_11.jpg,1000,1000,Palm,508,531,621,627
IMG_2395_11.jpg,1000,1000,Palm,449,469,545,546
IMG_2395_11.jpg,1000,1000,Palm,542,430,627,512
IMG_2395_11.jpg,1000,1000,Palm,475,367,573,451
IMG_2395_11.jpg,1000,1000,Palm,499,265,584,344
IMG_2395_11.jpg,1000,1000,Palm,578,345,648,412
IMG_2395_11.jpg,1000,1000,Palm,656,301,736,384
IMG_2395_11.jpg,1000,1000,Palm,748,281,825,357
IMG_2395_11.jpg,1000,1000,Palm,828,248,904,324
IMG_2395_11.jpg,1000,1000,Palm,894,317,975,404
IMG_2395_11.jpg,1000,1000,Palm,715,363,817,454
IMG_2395_11.jpg,1000,1000,Palm,628,398,723,490
IMG_2395_11.jpg,1000,1000,Palm,611,499,698,590
IMG_2395_11.jpg,1000,1000,Palm,763,529,852,611
IMG_2395_11.jpg,1000,1000,Palm,849,496,947,606
IMG_2395_11.jpg,1000,1000,Palm,912,574,1000,667
IMG_2395_11.jpg,1000,1000,Palm,908,689,986,762
IMG_2395_4.jpg,1000,1000,Palm,73,916,155,991
IMG_2395_4.jpg,1000,1000,Palm,6,826,92,913
IMG_2395_4.jpg,1000,1000,Palm,98,790,205,901
IMG_2395_4.jpg,1000,1000,Palm,31,719,137,816
IMG_2395_4.jpg,1000,1000,Palm,167,874,268,973
IMG_2395_4.jpg,1000,1000,Palm,260,852,361,959
IMG_2395_4.jpg,1000,1000,Palm,199,782,286,873
IMG_2395_4.jpg,1000,1000,Palm,135,673,251,779
IMG_2395_4.jpg,1000,1000,Palm,12,529,125,639
IMG_2395_4.jpg,1000,1000,Palm,49,421,161,533
IMG_2395_4.jpg,1000,1000,Palm,1,341,83,445
IMG_2395_4.jpg,1000,1000,Palm,82,328,180,416
IMG_2395_4.jpg,1000,1000,Palm,150,401,253,506
IMG_2395_4.jpg,1000,1000,Palm,111,518,211,617
IMG_2395_4.jpg,1000,1000,Palm,172,593,284,684
IMG_2395_4.jpg,1000,1000,Palm,248,682,341,776
IMG_2395_4.jpg,1000,1000,Palm,286,764,387,851
IMG_2395_4.jpg,1000,1000,Palm,353,844,441,935
IMG_2395_4.jpg,1000,1000,Palm,400,911,479,993
IMG_2395_4.jpg,1000,1000,Palm,488,893,581,981
IMG_2395_4.jpg,1000,1000,Palm,444,816,532,911
IMG_2395_4.jpg,1000,1000,Palm,666,839,758,935
IMG_2395_4.jpg,1000,1000,Palm,730,918,807,996
IMG_2395_4.jpg,1000,1000,Palm,800,900,886,993
IMG_2395_4.jpg,1000,1000,Palm,882,882,963,960
IMG_2395_4.jpg,1000,1000,Palm,751,829,834,910
IMG_2395_4.jpg,1000,1000,Palm,838,804,940,894
IMG_2395_4.jpg,1000,1000,Palm,628,781,702,851
IMG_2395_4.jpg,1000,1000,Palm,791,729,894,818
IMG_2395_4.jpg,1000,1000,Palm,896,706,986,799
IMG_2395_4.jpg,1000,1000,Palm,842,613,947,714
IMG_2395_4.jpg,1000,1000,Palm,755,656,842,738
IMG_2395_4.jpg,1000,1000,Palm,657,665,753,760
IMG_2395_4.jpg,1000,1000,Palm,337,665,416,740
IMG_2395_4.jpg,1000,1000,Palm,421,638,528,739
IMG_2395_4.jpg,1000,1000,Palm,529,617,620,699
IMG_2395_4.jpg,1000,1000,Palm,616,577,710,677
IMG_2395_4.jpg,1000,1000,Palm,701,566,796,654
IMG_2395_4.jpg,1000,1000,Palm,211,490,328,599
IMG_2395_4.jpg,1000,1000,Palm,286,579,379,673
IMG_2395_4.jpg,1000,1000,Palm,884,517,985,618
IMG_2395_4.jpg,1000,1000,Palm,471,524,562,614
IMG_2395_4.jpg,1000,1000,Palm,378,559,475,642
IMG_2395_4.jpg,1000,1000,Palm,329,456,435,565
IMG_2395_4.jpg,1000,1000,Palm,250,386,348,477
IMG_2395_4.jpg,1000,1000,Palm,186,301,289,395
IMG_2395_4.jpg,1000,1000,Palm,289,274,389,383
IMG_2395_4.jpg,1000,1000,Palm,112,216,218,323
IMG_2395_4.jpg,1000,1000,Palm,219,204,315,300
IMG_2395_4.jpg,1000,1000,Palm,313,172,421,266
IMG_2395_4.jpg,1000,1000,Palm,394,242,503,361
IMG_2395_4.jpg,1000,1000,Palm,514,422,618,524
IMG_2395_4.jpg,1000,1000,Palm,829,442,928,542
IMG_2395_4.jpg,1000,1000,Palm,778,374,870,468
IMG_2395_4.jpg,1000,1000,Palm,728,284,820,383
IMG_2395_4.jpg,1000,1000,Palm,910,256,996,349
IMG_2395_4.jpg,1000,1000,Palm,5,57,90,161
IMG_2395_4.jpg,1000,1000,Palm,84,35,186,139
IMG_2395_4.jpg,1000,1000,Palm,183,18,286,125
IMG_2395_4.jpg,1000,1000,Palm,271,6,381,110
IMG_2395_4.jpg,1000,1000,Palm,629,36,723,131
IMG_2395_6.jpg,1000,1000,Palm,21,7,114,94
IMG_2395_6.jpg,1000,1000,Palm,2,104,97,209
IMG_2395_6.jpg,1000,1000,Palm,112,94,190,167
IMG_2395_6.jpg,1000,1000,Palm,71,191,164,280
IMG_2395_6.jpg,1000,1000,Palm,47,295,137,375
IMG_2395_6.jpg,1000,1000,Palm,18,393,119,492
IMG_2395_6.jpg,1000,1000,Palm,2,501,82,594
IMG_2395_6.jpg,1000,1000,Palm,210,52,310,140
IMG_2395_6.jpg,1000,1000,Palm,165,160,273,268
IMG_2395_6.jpg,1000,1000,Palm,139,262,245,357
IMG_2395_6.jpg,1000,1000,Palm,122,371,217,465
IMG_2395_6.jpg,1000,1000,Palm,104,475,184,551
IMG_2395_6.jpg,1000,1000,Palm,73,574,163,664
IMG_2395_6.jpg,1000,1000,Palm,40,684,130,765
IMG_2395_6.jpg,1000,1000,Palm,30,785,107,857
IMG_2395_6.jpg,1000,1000,Palm,319,39,398,115
IMG_2395_6.jpg,1000,1000,Palm,275,128,375,225
IMG_2395_6.jpg,1000,1000,Palm,248,226,358,334
IMG_2395_6.jpg,1000,1000,Palm,225,340,321,444
IMG_2395_6.jpg,1000,1000,Palm,195,452,298,551
IMG_2395_6.jpg,1000,1000,Palm,175,555,257,633
IMG_2395_6.jpg,1000,1000,Palm,161,660,228,723
IMG_2395_6.jpg,1000,1000,Palm,112,751,212,836
IMG_2395_6.jpg,1000,1000,Palm,88,848,186,949
IMG_2395_6.jpg,1000,1000,Palm,170,924,270,997
IMG_2395_6.jpg,1000,1000,Palm,192,819,292,917
IMG_2395_6.jpg,1000,1000,Palm,218,731,311,819
IMG_2395_6.jpg,1000,1000,Palm,239,625,341,727
IMG_2395_6.jpg,1000,1000,Palm,277,528,366,616
IMG_2395_6.jpg,1000,1000,Palm,298,422,398,513
IMG_2395_6.jpg,1000,1000,Palm,358,212,452,302
IMG_2395_6.jpg,1000,1000,Palm,388,114,483,202
IMG_2395_6.jpg,1000,1000,Palm,417,5,528,101
IMG_2395_6.jpg,1000,1000,Palm,527,1,615,78
IMG_2395_6.jpg,1000,1000,Palm,495,76,599,188
IMG_2395_6.jpg,1000,1000,Palm,601,61,704,156
IMG_2395_6.jpg,1000,1000,Palm,704,25,804,128
IMG_2395_6.jpg,1000,1000,Palm,802,10,897,101
IMG_2395_6.jpg,1000,1000,Palm,912,5,999,91
IMG_2395_6.jpg,1000,1000,Palm,889,96,974,179
IMG_2395_6.jpg,1000,1000,Palm,784,125,866,204
IMG_2395_6.jpg,1000,1000,Palm,851,190,947,284
IMG_2395_6.jpg,1000,1000,Palm,911,272,1000,374
IMG_2395_6.jpg,1000,1000,Palm,895,371,980,459
IMG_2395_6.jpg,1000,1000,Palm,470,190,566,280
IMG_2395_6.jpg,1000,1000,Palm,647,243,742,333
IMG_2395_6.jpg,1000,1000,Palm,440,299,530,380
IMG_2395_6.jpg,1000,1000,Palm,549,274,635,357
IMG_2395_6.jpg,1000,1000,Palm,614,343,716,441
IMG_2395_6.jpg,1000,1000,Palm,721,323,812,411
IMG_2395_6.jpg,1000,1000,Palm,790,398,882,485
IMG_2395_6.jpg,1000,1000,Palm,690,418,781,504
IMG_2395_6.jpg,1000,1000,Palm,584,438,685,538
IMG_2395_6.jpg,1000,1000,Palm,478,472,588,567
IMG_2395_6.jpg,1000,1000,Palm,381,506,458,583
IMG_2395_6.jpg,1000,1000,Palm,340,598,449,684
IMG_2395_6.jpg,1000,1000,Palm,457,567,542,664
IMG_2395_6.jpg,1000,1000,Palm,316,691,413,786
IMG_2395_6.jpg,1000,1000,Palm,284,795,387,900
IMG_2395_6.jpg,1000,1000,Palm,401,775,492,861
IMG_2395_6.jpg,1000,1000,Palm,427,669,517,758
IMG_2395_6.jpg,1000,1000,Palm,374,877,467,962
IMG_2395_6.jpg,1000,1000,Palm,468,843,564,935
IMG_2395_6.jpg,1000,1000,Palm,499,749,587,843
IMG_2395_6.jpg,1000,1000,Palm,517,638,627,747
IMG_2395_6.jpg,1000,1000,Palm,555,542,661,636
IMG_2395_6.jpg,1000,1000,Palm,536,914,634,997
IMG_2395_6.jpg,1000,1000,Palm,570,824,664,914
IMG_2395_6.jpg,1000,1000,Palm,640,885,735,979
IMG_2395_6.jpg,1000,1000,Palm,753,875,832,942
IMG_2395_6.jpg,1000,1000,Palm,851,834,932,921
IMG_2395_6.jpg,1000,1000,Palm,600,725,689,813
IMG_2395_6.jpg,1000,1000,Palm,642,630,717,697
IMG_2395_6.jpg,1000,1000,Palm,705,696,792,773
IMG_2395_6.jpg,1000,1000,Palm,932,921,991,984
IMG_2395_6.jpg,1000,1000,Palm,885,748,964,819
IMG_2395_6.jpg,1000,1000,Palm,806,677,889,759
IMG_2395_6.jpg,1000,1000,Palm,896,639,984,732
IMG_2395_6.jpg,1000,1000,Palm,738,607,818,681
IMG_2395_6.jpg,1000,1000,Palm,666,518,755,615
IMG_2395_6.jpg,1000,1000,Palm,756,488,853,592
IMG_2395_6.jpg,1000,1000,Palm,853,467,957,569
IMG_2395_8.jpg,1000,1000,Palm,31,4,123,92
IMG_2395_8.jpg,1000,1000,Palm,3,97,88,194
IMG_2395_8.jpg,1000,1000,Palm,89,86,179,163
IMG_2395_8.jpg,1000,1000,Palm,135,1,231,84
IMG_2395_8.jpg,1000,1000,Palm,179,64,281,144
IMG_2395_8.jpg,1000,1000,Palm,148,151,241,244
IMG_2395_8.jpg,1000,1000,Palm,360,5,457,83
IMG_2395_8.jpg,1000,1000,Palm,449,4,536,81
IMG_2395_8.jpg,1000,1000,Palm,675,13,781,114
IMG_2395_8.jpg,1000,1000,Palm,731,84,828,179
IMG_2395_8.jpg,1000,1000,Palm,639,104,728,192
IMG_2395_8.jpg,1000,1000,Palm,553,125,657,213
IMG_2395_8.jpg,1000,1000,Palm,474,156,562,246
IMG_2395_8.jpg,1000,1000,Palm,239,126,333,211
IMG_2395_8.jpg,1000,1000,Palm,285,207,382,292
IMG_2395_8.jpg,1000,1000,Palm,16,268,112,361
IMG_2395_8.jpg,1000,1000,Palm,31,431,137,525
IMG_2395_8.jpg,1000,1000,Palm,2,526,94,625
IMG_2395_8.jpg,1000,1000,Palm,57,607,151,683
IMG_2395_8.jpg,1000,1000,Palm,18,681,116,780
IMG_2395_8.jpg,1000,1000,Palm,4,776,77,864
IMG_2395_8.jpg,1000,1000,Palm,85,767,148,826
IMG_2395_8.jpg,1000,1000,Palm,112,671,204,755
IMG_2395_8.jpg,1000,1000,Palm,140,569,246,665
IMG_2395_8.jpg,1000,1000,Palm,130,402,235,504
IMG_2395_8.jpg,1000,1000,Palm,185,493,273,571
IMG_2395_8.jpg,1000,1000,Palm,288,617,383,698
IMG_2395_8.jpg,1000,1000,Palm,394,596,480,679
IMG_2395_8.jpg,1000,1000,Palm,333,524,419,619
IMG_2395_8.jpg,1000,1000,Palm,165,321,260,405
IMG_2395_8.jpg,1000,1000,Palm,431,511,507,581
IMG_2395_8.jpg,1000,1000,Palm,382,440,464,521
IMG_2395_8.jpg,1000,1000,Palm,318,361,403,447
IMG_2395_8.jpg,1000,1000,Palm,351,276,441,358
IMG_2395_8.jpg,1000,1000,Palm,511,489,589,563
IMG_2395_8.jpg,1000,1000,Palm,469,418,538,489
IMG_2395_8.jpg,1000,1000,Palm,411,346,500,428
IMG_2395_8.jpg,1000,1000,Palm,606,461,685,535
IMG_2395_8.jpg,1000,1000,Palm,515,327,584,395
IMG_2395_8.jpg,1000,1000,Palm,442,246,537,338
IMG_2395_8.jpg,1000,1000,Palm,686,441,756,510
IMG_2395_8.jpg,1000,1000,Palm,586,305,667,381
IMG_2395_8.jpg,1000,1000,Palm,541,230,620,308
IMG_2395_8.jpg,1000,1000,Palm,669,279,754,360
IMG_2395_8.jpg,1000,1000,Palm,630,206,710,285
IMG_2395_8.jpg,1000,1000,Palm,708,176,791,264
IMG_2395_8.jpg,1000,1000,Palm,761,251,836,333
IMG_2395_8.jpg,1000,1000,Palm,832,229,908,313
IMG_2395_9.jpg,1000,1000,Palm,97,2,185,77
IMG_2395_9.jpg,1000,1000,Palm,77,84,164,178
IMG_2395_9.jpg,1000,1000,Palm,181,63,268,152
IMG_2395_9.jpg,1000,1000,Palm,156,173,229,248
IMG_2395_9.jpg,1000,1000,Palm,279,49,368,129
IMG_2395_9.jpg,1000,1000,Palm,250,141,350,227
IMG_2395_9.jpg,1000,1000,Palm,385,21,479,100
IMG_2395_9.jpg,1000,1000,Palm,481,1,573,78
IMG_2395_9.jpg,1000,1000,Palm,453,86,563,176
IMG_2395_9.jpg,1000,1000,Palm,353,112,449,200
IMG_2395_9.jpg,1000,1000,Palm,563,71,655,149
IMG_2395_9.jpg,1000,1000,Palm,649,38,754,140
IMG_2395_9.jpg,1000,1000,Palm,751,15,856,110
IMG_2395_9.jpg,1000,1000,Palm,861,1,961,88
IMG_2395_9.jpg,1000,1000,Palm,308,202,410,301
IMG_2395_9.jpg,1000,1000,Palm,425,184,532,275
IMG_2395_9.jpg,1000,1000,Palm,627,136,723,225
IMG_2395_9.jpg,1000,1000,Palm,744,129,822,199
IMG_2395_9.jpg,1000,1000,Palm,836,105,924,185
IMG_2395_9.jpg,1000,1000,Palm,98,350,201,441
IMG_2395_9.jpg,1000,1000,Palm,197,331,295,418
IMG_2395_9.jpg,1000,1000,Palm,294,312,407,398
IMG_2395_9.jpg,1000,1000,Palm,505,262,606,352
IMG_2395_9.jpg,1000,1000,Palm,604,239,700,313
IMG_2395_9.jpg,1000,1000,Palm,715,208,804,288
IMG_2395_9.jpg,1000,1000,Palm,808,188,910,278
IMG_2395_9.jpg,1000,1000,Palm,879,256,979,352
IMG_2395_9.jpg,1000,1000,Palm,773,290,872,381
IMG_2395_9.jpg,1000,1000,Palm,862,360,965,450
IMG_2395_9.jpg,1000,1000,Palm,737,378,848,473
IMG_2395_9.jpg,1000,1000,Palm,588,343,672,421
IMG_2395_9.jpg,1000,1000,Palm,487,361,570,438
IMG_2395_9.jpg,1000,1000,Palm,380,374,469,472
IMG_2395_9.jpg,1000,1000,Palm,74,462,163,544
IMG_2395_9.jpg,1000,1000,Palm,165,443,266,531
IMG_2395_9.jpg,1000,1000,Palm,263,401,373,497
IMG_2395_9.jpg,1000,1000,Palm,157,532,250,610
IMG_2395_9.jpg,1000,1000,Palm,461,457,547,532
IMG_2395_9.jpg,1000,1000,Palm,556,438,635,504
IMG_2395_9.jpg,1000,1000,Palm,649,411,743,494
IMG_2395_9.jpg,1000,1000,Palm,738,477,827,558
IMG_2395_9.jpg,1000,1000,Palm,628,504,718,592
IMG_2395_9.jpg,1000,1000,Palm,540,525,622,602
IMG_2395_9.jpg,1000,1000,Palm,335,576,432,654
IMG_2395_9.jpg,1000,1000,Palm,131,640,204,700
IMG_2395_9.jpg,1000,1000,Palm,297,668,396,762
IMG_2395_9.jpg,1000,1000,Palm,267,761,368,863
IMG_2395_9.jpg,1000,1000,Palm,158,862,257,957
IMG_2395_9.jpg,1000,1000,Palm,53,912,136,991
IMG_2395_9.jpg,1000,1000,Palm,110,726,180,801
IMG_2395_9.jpg,1000,1000,Palm,200,689,296,776
IMG_2395_9.jpg,1000,1000,Palm,257,863,353,948
IMG_2395_9.jpg,1000,1000,Palm,351,832,445,926
IMG_2395_9.jpg,1000,1000,Palm,377,731,477,828
IMG_2395_9.jpg,1000,1000,Palm,424,909,530,996
IMG_2395_9.jpg,1000,1000,Palm,624,861,722,952
IMG_2395_9.jpg,1000,1000,Palm,699,921,796,992
IMG_2395_9.jpg,1000,1000,Palm,799,894,899,983
IMG_2395_9.jpg,1000,1000,Palm,642,775,740,858
IMG_2395_9.jpg,1000,1000,Palm,487,609,606,721
IMG_2395_9.jpg,1000,1000,Palm,606,597,702,682
IMG_2395_9.jpg,1000,1000,Palm,672,672,777,763
IMG_2395_9.jpg,1000,1000,Palm,824,808,914,892
IMG_2395_9.jpg,1000,1000,Palm,857,717,955,800
IMG_2395_9.jpg,1000,1000,Palm,775,641,875,733
IMG_2395_9.jpg,1000,1000,Palm,878,622,978,707
IMG_2395_9.jpg,1000,1000,Palm,718,590,790,658
IMG_2395_9.jpg,1000,1000,Palm,903,527,995,617
IMG_2402_2.jpg,1000,1000,Palm,8,44,103,146
IMG_2402_2.jpg,1000,1000,Palm,106,9,202,101
IMG_2402_2.jpg,1000,1000,Palm,5,155,88,244
IMG_2402_2.jpg,1000,1000,Palm,4,269,82,358
IMG_2402_2.jpg,1000,1000,Palm,89,230,175,315
IMG_2402_2.jpg,1000,1000,Palm,82,348,171,431
IMG_2402_2.jpg,1000,1000,Palm,191,69,292,171
IMG_2402_2.jpg,1000,1000,Palm,289,31,390,128
IMG_2402_2.jpg,1000,1000,Palm,382,1,488,98
IMG_2402_2.jpg,1000,1000,Palm,563,19,681,122
IMG_2402_2.jpg,1000,1000,Palm,475,60,571,162
IMG_2402_2.jpg,1000,1000,Palm,380,99,480,198
IMG_2402_2.jpg,1000,1000,Palm,188,182,280,267
IMG_2402_2.jpg,1000,1000,Palm,180,301,274,392
IMG_2402_2.jpg,1000,1000,Palm,65,451,161,541
IMG_2402_2.jpg,1000,1000,Palm,55,561,153,649
IMG_2402_2.jpg,1000,1000,Palm,48,668,146,763
IMG_2402_2.jpg,1000,1000,Palm,54,764,142,851
IMG_2402_2.jpg,1000,1000,Palm,51,872,130,947
IMG_2402_2.jpg,1000,1000,Palm,136,901,231,991
IMG_2402_2.jpg,1000,1000,Palm,140,828,223,907
IMG_2402_2.jpg,1000,1000,Palm,151,730,232,810
IMG_2402_2.jpg,1000,1000,Palm,154,616,242,710
IMG_2402_2.jpg,1000,1000,Palm,160,522,250,602
IMG_2402_2.jpg,1000,1000,Palm,164,414,262,502
IMG_2402_2.jpg,1000,1000,Palm,238,885,328,969
IMG_2402_2.jpg,1000,1000,Palm,239,785,327,861
IMG_2402_2.jpg,1000,1000,Palm,235,680,334,772
IMG_2402_2.jpg,1000,1000,Palm,314,858,397,932
IMG_2402_2.jpg,1000,1000,Palm,328,731,429,829
IMG_2402_2.jpg,1000,1000,Palm,333,638,429,728
IMG_2402_2.jpg,1000,1000,Palm,336,532,437,631
IMG_2402_2.jpg,1000,1000,Palm,274,254,373,343
IMG_2402_2.jpg,1000,1000,Palm,285,145,381,241
IMG_2402_2.jpg,1000,1000,Palm,366,208,462,301
IMG_2402_2.jpg,1000,1000,Palm,362,325,450,416
IMG_2402_2.jpg,1000,1000,Palm,463,169,563,272
IMG_2402_2.jpg,1000,1000,Palm,449,277,553,383
IMG_2402_2.jpg,1000,1000,Palm,442,393,531,480
IMG_2402_2.jpg,1000,1000,Palm,539,343,636,442
IMG_2402_2.jpg,1000,1000,Palm,551,245,640,321
IMG_2402_2.jpg,1000,1000,Palm,563,133,650,226
IMG_2402_2.jpg,1000,1000,Palm,668,2,761,88
IMG_2402_2.jpg,1000,1000,Palm,739,48,847,152
IMG_2402_2.jpg,1000,1000,Palm,737,157,833,259
IMG_2402_2.jpg,1000,1000,Palm,629,296,736,395
IMG_2402_2.jpg,1000,1000,Palm,728,264,829,358
IMG_2402_2.jpg,1000,1000,Palm,838,97,940,215
IMG_2402_2.jpg,1000,1000,Palm,821,213,924,321
IMG_2402_2.jpg,1000,1000,Palm,914,272,1000,386
IMG_2402_2.jpg,1000,1000,Palm,808,319,908,424
IMG_2402_2.jpg,1000,1000,Palm,711,363,811,464
IMG_2402_2.jpg,1000,1000,Palm,621,402,740,505
IMG_2402_2.jpg,1000,1000,Palm,878,484,994,598
IMG_2402_2.jpg,1000,1000,Palm,867,589,975,683
IMG_2402_2.jpg,1000,1000,Palm,515,558,625,657
IMG_2402_2.jpg,1000,1000,Palm,508,662,612,754
IMG_2402_2.jpg,1000,1000,Palm,505,760,606,857
IMG_2402_2.jpg,1000,1000,Palm,517,871,605,952
IMG_2402_2.jpg,1000,1000,Palm,580,921,675,1000
IMG_2402_2.jpg,1000,1000,Palm,596,815,692,913
IMG_2402_2.jpg,1000,1000,Palm,605,729,700,816
IMG_2402_2.jpg,1000,1000,Palm,671,869,769,961
IMG_2402_2.jpg,1000,1000,Palm,755,928,852,1000
IMG_2402_2.jpg,1000,1000,Palm,848,877,948,979
IMG_2402_2.jpg,1000,1000,Palm,754,823,856,928
IMG_2402_2.jpg,1000,1000,Palm,671,765,780,863
IMG_2402_2.jpg,1000,1000,Palm,861,776,955,869
IMG_2402_2.jpg,1000,1000,Palm,770,740,866,823
IMG_2402_2.jpg,1000,1000,Palm,863,678,970,774
IMG_2402_2.jpg,1000,1000,Palm,778,652,881,740
IMG_2402_2.jpg,1000,1000,Palm,685,579,787,671
IMG_2402_2.jpg,1000,1000,Palm,253,479,349,573
IMG_2402_3.jpg,1000,1000,Palm,28,32,112,129
IMG_2402_3.jpg,1000,1000,Palm,114,5,210,98
IMG_2402_3.jpg,1000,1000,Palm,110,97,207,197
IMG_2402_3.jpg,1000,1000,Palm,197,63,285,158
IMG_2402_3.jpg,1000,1000,Palm,264,14,388,121
IMG_2402_3.jpg,1000,1000,Palm,87,193,198,297
IMG_2402_3.jpg,1000,1000,Palm,1,333,102,444
IMG_2402_3.jpg,1000,1000,Palm,92,296,203,401
IMG_2402_3.jpg,1000,1000,Palm,186,261,273,347
IMG_2402_3.jpg,1000,1000,Palm,84,406,170,485
IMG_2402_3.jpg,1000,1000,Palm,1,438,83,544
IMG_2402_3.jpg,1000,1000,Palm,65,481,162,582
IMG_2402_3.jpg,1000,1000,Palm,48,573,155,673
IMG_2402_3.jpg,1000,1000,Palm,149,543,247,648
IMG_2402_3.jpg,1000,1000,Palm,157,447,255,544
IMG_2402_3.jpg,1000,1000,Palm,167,355,263,448
IMG_2402_3.jpg,1000,1000,Palm,265,124,364,218
IMG_2402_3.jpg,1000,1000,Palm,261,216,356,312
IMG_2402_3.jpg,1000,1000,Palm,255,314,347,401
IMG_2402_3.jpg,1000,1000,Palm,255,410,348,507
IMG_2402_3.jpg,1000,1000,Palm,356,93,438,186
IMG_2402_3.jpg,1000,1000,Palm,349,181,435,273
IMG_2402_3.jpg,1000,1000,Palm,341,281,438,377
IMG_2402_3.jpg,1000,1000,Palm,340,377,428,457
IMG_2402_3.jpg,1000,1000,Palm,340,466,416,546
IMG_2402_3.jpg,1000,1000,Palm,231,594,323,688
IMG_2402_3.jpg,1000,1000,Palm,202,693,306,790
IMG_2402_3.jpg,1000,1000,Palm,32,779,134,880
IMG_2402_3.jpg,1000,1000,Palm,23,886,120,980
IMG_2402_3.jpg,1000,1000,Palm,116,843,210,931
IMG_2402_3.jpg,1000,1000,Palm,202,905,280,976
IMG_2402_3.jpg,1000,1000,Palm,206,790,307,891
IMG_2402_3.jpg,1000,1000,Palm,286,842,385,936
IMG_2402_3.jpg,1000,1000,Palm,294,742,404,844
IMG_2402_3.jpg,1000,1000,Palm,312,656,407,747
IMG_2402_3.jpg,1000,1000,Palm,386,907,458,976
IMG_2402_3.jpg,1000,1000,Palm,397,699,488,808
IMG_2402_3.jpg,1000,1000,Palm,408,614,504,695
IMG_2402_3.jpg,1000,1000,Palm,535,913,638,997
IMG_2402_3.jpg,1000,1000,Palm,558,818,648,908
IMG_2402_3.jpg,1000,1000,Palm,482,762,570,845
IMG_2402_3.jpg,1000,1000,Palm,639,876,722,954
IMG_2402_3.jpg,1000,1000,Palm,720,828,808,916
IMG_2402_3.jpg,1000,1000,Palm,647,773,739,863
IMG_2402_3.jpg,1000,1000,Palm,560,725,660,814
IMG_2402_3.jpg,1000,1000,Palm,658,677,751,772
IMG_2402_3.jpg,1000,1000,Palm,502,660,591,758
IMG_2402_3.jpg,1000,1000,Palm,587,605,682,712
IMG_2402_3.jpg,1000,1000,Palm,667,577,757,661
IMG_2402_3.jpg,1000,1000,Palm,494,564,596,654
IMG_2402_3.jpg,1000,1000,Palm,585,516,671,610
IMG_2402_3.jpg,1000,1000,Palm,668,482,756,567
IMG_2402_3.jpg,1000,1000,Palm,744,454,831,539
IMG_2402_3.jpg,1000,1000,Palm,494,484,588,560
IMG_2402_3.jpg,1000,1000,Palm,588,427,678,517
IMG_2402_3.jpg,1000,1000,Palm,684,405,756,477
IMG_2402_3.jpg,1000,1000,Palm,747,363,831,434
IMG_2402_3.jpg,1000,1000,Palm,414,416,516,519
IMG_2402_3.jpg,1000,1000,Palm,500,375,602,468
IMG_2402_3.jpg,1000,1000,Palm,423,339,510,414
IMG_2402_3.jpg,1000,1000,Palm,511,285,598,365
IMG_2402_3.jpg,1000,1000,Palm,429,232,527,328
IMG_2402_3.jpg,1000,1000,Palm,590,251,668,326
IMG_2402_3.jpg,1000,1000,Palm,653,221,744,306
IMG_2402_3.jpg,1000,1000,Palm,740,186,832,277
IMG_2402_3.jpg,1000,1000,Palm,582,168,656,234
IMG_2402_3.jpg,1000,1000,Palm,752,93,845,179
IMG_2402_3.jpg,1000,1000,Palm,656,126,750,219
IMG_2402_3.jpg,1000,1000,Palm,590,73,674,164
IMG_2402_3.jpg,1000,1000,Palm,671,30,761,118
IMG_2402_3.jpg,1000,1000,Palm,432,151,505,230
IMG_2402_5.jpg,1000,1000,Palm,58,81,150,167
IMG_2402_5.jpg,1000,1000,Palm,164,43,261,125
IMG_2402_5.jpg,1000,1000,Palm,271,7,366,78
IMG_2402_5.jpg,1000,1000,Palm,464,14,558,97
IMG_2402_5.jpg,1000,1000,Palm,56,180,154,265
IMG_2402_5.jpg,1000,1000,Palm,170,143,262,218
IMG_2402_5.jpg,1000,1000,Palm,320,95,419,180
IMG_2402_5.jpg,1000,1000,Palm,168,248,249,322
IMG_2402_5.jpg,1000,1000,Palm,274,200,362,275
IMG_2402_5.jpg,1000,1000,Palm,477,122,554,196
IMG_2402_5.jpg,1000,1000,Palm,572,79,657,157
IMG_2402_5.jpg,1000,1000,Palm,661,35,755,115
IMG_2402_5.jpg,1000,1000,Palm,858,55,931,124
IMG_2402_5.jpg,1000,1000,Palm,767,102,840,164
IMG_2402_5.jpg,1000,1000,Palm,61,391,163,477
IMG_2402_5.jpg,1000,1000,Palm,165,351,258,428
IMG_2402_5.jpg,1000,1000,Palm,272,317,344,378
IMG_2402_5.jpg,1000,1000,Palm,371,260,456,331
IMG_2402_5.jpg,1000,1000,Palm,480,224,547,284
IMG_2402_5.jpg,1000,1000,Palm,568,177,650,246
IMG_2402_5.jpg,1000,1000,Palm,57,496,153,576
IMG_2402_5.jpg,1000,1000,Palm,164,451,250,533
IMG_2402_5.jpg,1000,1000,Palm,267,415,350,485
IMG_2402_5.jpg,1000,1000,Palm,263,513,340,578
IMG_2402_5.jpg,1000,1000,Palm,155,554,252,636
IMG_2402_5.jpg,1000,1000,Palm,68,600,149,673
IMG_2402_5.jpg,1000,1000,Palm,58,696,147,769
IMG_2402_5.jpg,1000,1000,Palm,169,649,247,719
IMG_2402_5.jpg,1000,1000,Palm,370,467,442,534
